P,epsilon,N,budget,min_prize,max_prize,g,p_0,p_1,p_2,p_3,p_4,p_5,p_6,p_7,p_8,p_9,p_10,p_11,p_12,p_13,p_14,p_15,p_16,p_17,p_18,p_19,k_1_winners,k_1_num_winners,k_1_util,k_1_egal,k_1_nash,k_1_comp,k_1_EL,k_2_winners,k_2_num_winners,k_2_util,k_2_egal,k_2_nash,k_2_comp,k_2_EL,k_3_winners,k_3_num_winners,k_3_util,k_3_egal,k_3_nash,k_3_comp,k_3_EL,k_4_winners,k_4_num_winners,k_4_util,k_4_egal,k_4_nash,k_4_comp,k_4_EL,k_5_winners,k_5_num_winners,k_5_util,k_5_egal,k_5_nash,k_5_comp,k_5_EL,k_6_winners,k_6_num_winners,k_6_util,k_6_egal,k_6_nash,k_6_comp,k_6_EL,k_7_winners,k_7_num_winners,k_7_util,k_7_egal,k_7_nash,k_7_comp,k_7_EL,k_8_winners,k_8_num_winners,k_8_util,k_8_egal,k_8_nash,k_8_comp,k_8_EL,k_9_winners,k_9_num_winners,k_9_util,k_9_egal,k_9_nash,k_9_comp,k_9_EL,k_10_winners,k_10_num_winners,k_10_util,k_10_egal,k_10_nash,k_10_comp,k_10_EL,k_11_winners,k_11_num_winners,k_11_util,k_11_egal,k_11_nash,k_11_comp,k_11_EL,k_12_winners,k_12_num_winners,k_12_util,k_12_egal,k_12_nash,k_12_comp,k_12_EL,k_13_winners,k_13_num_winners,k_13_util,k_13_egal,k_13_nash,k_13_comp,k_13_EL,k_14_winners,k_14_num_winners,k_14_util,k_14_egal,k_14_nash,k_14_comp,k_14_EL,k_15_winners,k_15_num_winners,k_15_util,k_15_egal,k_15_nash,k_15_comp,k_15_EL,k_16_winners,k_16_num_winners,k_16_util,k_16_egal,k_16_nash,k_16_comp,k_16_EL,k_17_winners,k_17_num_winners,k_17_util,k_17_egal,k_17_nash,k_17_comp,k_17_EL,k_18_winners,k_18_num_winners,k_18_util,k_18_egal,k_18_nash,k_18_comp,k_18_EL,k_19_winners,k_19_num_winners,k_19_util,k_19_egal,k_19_nash,k_19_comp,k_19_EL
20,10,500,40,10,20,1,17,18,14,10,15,10,18,19,14,17,18,10,19,13,12,18,15,10,13,11,0 15,2,0.11117959998539842,0.03457994580623897,0,2.6,0,0 15,2,0.11117959998539842,0.03457994580623897,0,2.6,0,4 15,2,0.11927952467106763,0.04211708059721364,0,4.65,0,4 15,2,0.11927952467106763,0.04211708059721364,0,4.65,0,4 15,2,0.11927952467106763,0.04211708059721364,0,4.65,0,4 15,2,0.11927952467106763,0.04211708059721364,0,4.65,0,4 15,2,0.11927952467106763,0.04211708059721364,0,4.65,0,4 15,2,0.11927952467106763,0.04211708059721364,0,4.65,0,2 3 4,3,0.17294391260984565,0.06334241076999117,0,10.11,0,4 15,2,0.11927952467106763,0.04211708059721364,0,4.65,0,4 15,2,0.11927952467106763,0.04211708059721364,0,4.65,0,4 15,2,0.11927952467106763,0.04211708059721364,0,4.65,0,2 19 4,3,0.1704426009926517,0.08281069496685518,0,9.12,0,4 15,2,0.11927952467106763,0.04211708059721364,0,4.65,0,4 15,2,0.11927952467106763,0.04211708059721364,0,4.65,0,4 15,2,0.11927952467106763,0.04211708059721364,0,4.65,0,4 15,2,0.11927952467106763,0.04211708059721364,0,4.65,0,2 19 4,3,0.1704426009926517,0.08281069496685518,0,9.12,0,9 2,2,0.1083156599844265,0.03658496269924077,0,3.32,0
20,10,500,40,10,20,1,13,11,14,16,13,14,18,13,10,18,10,16,18,16,11,17,18,10,16,14,2 14 7,3,0.17779763705539073,0.03706232632272595,0,9.81,0,3 4 14,3,0.1777873866727394,0.03341128849591555,0,9.67,0,4 13 14,3,0.17738440212960613,0.06306671334819614,0,9.83,0,16 8 14,3,0.17950987345764532,0.054252855801821445,0,9.0,0,8 2 13,3,0.17469011978932308,0.05632548336844502,0,7.98,0,8 2 14,3,0.1788996452959666,0.06748663383878922,0,9.76,0,16 8 14,3,0.17950987345764532,0.054252855801821445,0,9.0,0,8 3 14,3,0.17832273064416174,0.0701187977433512,0,9.62,0,16 8 14,3,0.17950987345764532,0.054252855801821445,0,9.0,0,8 2 14,3,0.1788996452959666,0.06748663383878922,0,9.76,0,8 2 14,3,0.1788996452959666,0.06748663383878922,0,9.76,0,2 14 7,3,0.17779763705539073,0.03706232632272595,0,9.81,0,2 14 7,3,0.17779763705539073,0.03706232632272595,0,9.81,0,2 14 7,3,0.17779763705539073,0.03706232632272595,0,9.81,0,18 14 7,3,0.17851204837434076,0.06242208946097986,0,9.51,0,18 14 7,3,0.17851204837434076,0.06242208946097986,0,9.51,0,8 18 2,3,0.17638443030321121,0.07891530097092744,0,7.66,0,3 4 14,3,0.1777873866727394,0.03341128849591555,0,9.67,0,0 2 4,3,0.1701930454708117,0.07588946455770154,0,7.97,0
20,10,500,40,10,20,1,13,10,13,14,18,16,16,19,19,12,19,12,15,10,18,17,10,11,14,14,2 4,2,0.12546327335027793,0.009447866915826646,0,4.9,0,2 4,2,0.12546327335027793,0.009447866915826646,0,4.9,0,2 4,2,0.12546327335027793,0.009447866915826646,0,4.9,0,0 2 18,3,0.1804979230313219,0.07183964282061761,0,10.65,0,0 4,2,0.12255701193465968,0.03917215378617753,0,4.77,0,16 4 13,3,0.17314968952802814,0.0885196208180383,0,8.36,0,16 4 13,3,0.17314968952802814,0.0885196208180383,0,8.36,0,16 4 13,3,0.17314968952802814,0.0885196208180383,0,8.36,0,2 4,2,0.12546327335027793,0.009447866915826646,0,4.9,0,18 4,2,0.12424920111120065,0.037132504087214926,0,4.76,0,18 4,2,0.12424920111120065,0.037132504087214926,0,4.76,0,18 4,2,0.12424920111120065,0.037132504087214926,0,4.76,0,2 4,2,0.12546327335027793,0.009447866915826646,0,4.9,0,2 4,2,0.12546327335027793,0.009447866915826646,0,4.9,0,2 4,2,0.12546327335027793,0.009447866915826646,0,4.9,0,2 4,2,0.12546327335027793,0.009447866915826646,0,4.9,0,2 4,2,0.12546327335027793,0.009447866915826646,0,4.9,0,2 4,2,0.12546327335027793,0.009447866915826646,0,4.9,0,2 4,2,0.12546327335027793,0.009447866915826646,0,4.9,0
20,10,500,40,10,20,1,13,19,12,15,11,10,16,13,17,15,18,11,18,13,12,17,16,15,14,11,9 11 4,3,0.18409130176036284,0.0876665301083267,0,10.77,0,8 11 4,3,0.18132863046172076,0.07022737492103641,0,9.96,0,8 11 4,3,0.18132863046172076,0.07022737492103641,0,9.96,0,8 18,2,0.1268532600800102,0.04633474073379591,0,5.54,0,8 18,2,0.1268532600800102,0.04633474073379591,0,5.54,0,9 18 4,3,0.18914809317736,0.0900183656537471,0,10.53,0,18 4 13,3,0.18267641313792857,0.09150577274444045,0,11.32,0,18 11 13,3,0.18329834301656184,0.080459990407402,0,10.88,0,9 18 11,3,0.18977002305599336,0.10256068376604696,0,10.09,0,18 11 13,3,0.18329834301656184,0.080459990407402,0,10.88,0,9 18 11,3,0.18977002305599336,0.10256068376604696,0,10.09,0,9 18 11,3,0.18977002305599336,0.10256068376604696,0,10.09,0,9 18 11,3,0.18977002305599336,0.10256068376604696,0,10.09,0,9 18 11,3,0.18977002305599336,0.10256068376604696,0,10.09,0,9 18 4,3,0.18914809317736,0.0900183656537471,0,10.53,0,9 18 4,3,0.18914809317736,0.0900183656537471,0,10.53,0,9 18 4,3,0.18914809317736,0.0900183656537471,0,10.53,0,9 18 4,3,0.18914809317736,0.0900183656537471,0,10.53,0,9 18 4,3,0.18914809317736,0.0900183656537471,0,10.53,0
20,10,500,40,10,20,1,13,19,18,19,18,12,18,13,11,17,15,16,19,12,16,14,13,19,18,18,0 12,2,0.1271021470268639,0.05059431839389318,0,5.37,0,11 12,2,0.12655219395924042,0.03454846946014943,0,4.47,0,11 12,2,0.12655219395924042,0.03454846946014943,0,4.47,0,11 12,2,0.12655219395924042,0.03454846946014943,0,4.47,0,11 12,2,0.12655219395924042,0.03454846946014943,0,4.47,0,11 12,2,0.12655219395924042,0.03454846946014943,0,4.47,0,19 12,2,0.12634318107876924,0.04699744502111979,0,1.13,0,19 12,2,0.12634318107876924,0.04699744502111979,0,1.13,0,19 12,2,0.12634318107876924,0.04699744502111979,0,1.13,0,19 12,2,0.12634318107876924,0.04699744502111979,0,1.13,0,19 12,2,0.12634318107876924,0.04699744502111979,0,1.13,0,19 12,2,0.12634318107876924,0.04699744502111979,0,1.13,0,0 12,2,0.1271021470268639,0.05059431839389318,0,5.37,0,0 12,2,0.1271021470268639,0.05059431839389318,0,5.37,0,0 12,2,0.1271021470268639,0.05059431839389318,0,5.37,0,0 12,2,0.1271021470268639,0.05059431839389318,0,5.37,0,0 12,2,0.1271021470268639,0.05059431839389318,0,5.37,0,11 12,2,0.12655219395924042,0.03454846946014943,0,4.47,0,0 12,2,0.1271021470268639,0.05059431839389318,0,5.37,0
20,10,500,40,10,20,1,11,14,18,16,19,13,15,14,19,18,12,18,16,18,16,12,16,15,11,12,14 7,2,0.11928857859569561,0.03614189722443298,0,6.14,0,14 7,2,0.11928857859569561,0.03614189722443298,0,6.14,0,13 14,2,0.12440371613789514,0.011536837708690056,0,3.56,0,13 14,2,0.12440371613789514,0.011536837708690056,0,3.56,0,13 14,2,0.12440371613789514,0.011536837708690056,0,3.56,0,13 14,2,0.12440371613789514,0.011536837708690056,0,3.56,0,13 14,2,0.12440371613789514,0.011536837708690056,0,3.56,0,13 14,2,0.12440371613789514,0.011536837708690056,0,3.56,0,13 14,2,0.12440371613789514,0.011536837708690056,0,3.56,0,13 14,2,0.12440371613789514,0.011536837708690056,0,3.56,0,13 14,2,0.12440371613789514,0.011536837708690056,0,3.56,0,13 14,2,0.12440371613789514,0.011536837708690056,0,3.56,0,13 14,2,0.12440371613789514,0.011536837708690056,0,3.56,0,0 10 14,3,0.1788114359055011,0.07989900616117786,0,12.52,0,0 10 14,3,0.1788114359055011,0.07989900616117786,0,12.52,0,13 14,2,0.12440371613789514,0.011536837708690056,0,3.56,0,0 10 14,3,0.1788114359055011,0.07989900616117786,0,12.52,0,4 14,2,0.11730140995107512,0.03866242830058907,0,3.2,0,13 14,2,0.12440371613789514,0.011536837708690056,0,3.56,0
20,10,500,40,10,20,1,14,13,18,12,13,10,11,18,14,12,14,17,16,12,19,12,15,17,13,10,16 18 15,3,0.17298925634702925,0.06786620835838643,0,8.54,0,16 19 13,3,0.18280105904898827,0.04840484265957924,0,11.12,0,16 19 13,3,0.18280105904898827,0.04840484265957924,0,11.12,0,16 19 13,3,0.18280105904898827,0.04840484265957924,0,11.12,0,16 19 13,3,0.18280105904898827,0.04840484265957924,0,11.12,0,16 18 13,3,0.18069608674968973,0.0755210707787763,0,10.22,0,16 18 13,3,0.18069608674968973,0.0755210707787763,0,10.22,0,16 19 13,3,0.18280105904898827,0.04840484265957924,0,11.12,0,16 19 13,3,0.18280105904898827,0.04840484265957924,0,11.12,0,16 19 13,3,0.18280105904898827,0.04840484265957924,0,11.12,0,16 19 13,3,0.18280105904898827,0.04840484265957924,0,11.12,0,16 19 13,3,0.18280105904898827,0.04840484265957924,0,11.12,0,16 19 13,3,0.18280105904898827,0.04840484265957924,0,11.12,0,16 19 13,3,0.18280105904898827,0.04840484265957924,0,11.12,0,16 19 13,3,0.18280105904898827,0.04840484265957924,0,11.12,0,16 19 13,3,0.18280105904898827,0.04840484265957924,0,11.12,0,16 19 13,3,0.18280105904898827,0.04840484265957924,0,11.12,0,16 10 5,3,0.17234363130385685,0.06834095785240168,0,8.76,0,16 8 19,3,0.17579925049971584,0.06767834948794288,0,9.18,0
20,10,500,40,10,20,1,16,15,17,18,11,17,18,12,14,12,12,16,19,13,19,13,13,10,12,10,8 2,2,0.11104765275652516,0.030891679265809064,0,6.05,0,8 17 13,3,0.17484183556257424,0.07283036579321701,0,11.04,0,8 17 13,3,0.17484183556257424,0.07283036579321701,0,11.04,0,8 12,2,0.11655283028350048,0.018440112539975226,0,3.69,0,12 13,2,0.12146224002624288,0.028391760415765164,0,3.83,0,12 13,2,0.12146224002624288,0.028391760415765164,0,3.83,0,12 13,2,0.12146224002624288,0.028391760415765164,0,3.83,0,12 13,2,0.12146224002624288,0.028391760415765164,0,3.83,0,12 13,2,0.12146224002624288,0.028391760415765164,0,3.83,0,12 13,2,0.12146224002624288,0.028391760415765164,0,3.83,0,12 13,2,0.12146224002624288,0.028391760415765164,0,3.83,0,11 12,2,0.11950110800745549,0.02688183749805397,0,2.75,0,11 12,2,0.11950110800745549,0.02688183749805397,0,2.75,0,12 13,2,0.12146224002624288,0.028391760415765164,0,3.83,0,11 12,2,0.11950110800745549,0.02688183749805397,0,2.75,0,12 13,2,0.12146224002624288,0.028391760415765164,0,3.83,0,17 11 13,3,0.17779011328652922,0.09013399363729568,0,10.1,0,11 12,2,0.11950110800745549,0.02688183749805397,0,2.75,0,17 19 12,3,0.17294290133256637,0.06201643873124863,0,6.89,0
20,10,500,40,10,20,1,10,16,19,16,18,10,15,19,16,17,11,15,10,11,16,18,11,13,12,10,16 18 19,3,0.1761211282651628,0.07744585910250584,0,12.33,0,8 18 19,3,0.17295426195262503,0.09570007605053524,0,10.62,0,16 18 19,3,0.1761211282651628,0.07744585910250584,0,12.33,0,16 18 19,3,0.1761211282651628,0.07744585910250584,0,12.33,0,16 8 18,3,0.17825569472703273,0.04698149575884312,0,10.35,0,16 8 18,3,0.17825569472703273,0.04698149575884312,0,10.35,0,16 18 19,3,0.1761211282651628,0.07744585910250584,0,12.33,0,16 8 18,3,0.17825569472703273,0.04698149575884312,0,10.35,0,16 19 4,3,0.17015384851847354,0.04224940980316014,0,8.61,0,16 18 19,3,0.1761211282651628,0.07744585910250584,0,12.33,0,16 9 18,3,0.177658517230754,0.05594060008767816,0,10.13,0,16 18 19,3,0.1761211282651628,0.07744585910250584,0,12.33,0,16 9 18,3,0.177658517230754,0.05594060008767816,0,10.13,0,16 9 18,3,0.177658517230754,0.05594060008767816,0,10.13,0,16 18 14,3,0.17746559822866,0.034684365275699194,0,10.03,0,16 18 14,3,0.17746559822866,0.034684365275699194,0,10.03,0,8 4,2,0.11303267615327492,0.025837786742604504,0,3.0,0,9 4,2,0.1124354986569962,0.031108993524711442,0,2.78,0,16 10 14,3,0.16109448711367758,0.05528868593586168,0,6.66,0
20,10,500,40,10,20,1,13,10,18,15,11,13,15,14,14,16,18,11,15,11,12,14,13,13,19,14,18 12,2,0.12676773240413633,0.058157729969543145,0,3.79,0,18 12,2,0.12676773240413633,0.058157729969543145,0,3.79,0,18 12,2,0.12676773240413633,0.058157729969543145,0,3.79,0,18 12,2,0.12676773240413633,0.058157729969543145,0,3.79,0,18 12,2,0.12676773240413633,0.058157729969543145,0,3.79,0,8 1 12,3,0.17156913736720988,0.08729486770237085,0,9.14,0,8 1 12,3,0.17156913736720988,0.08729486770237085,0,9.14,0,8 1 12,3,0.17156913736720988,0.08729486770237085,0,9.14,0,8 1 12,3,0.17156913736720988,0.08729486770237085,0,9.14,0,8 1 12,3,0.17156913736720988,0.08729486770237085,0,9.14,0,8 1 12,3,0.17156913736720988,0.08729486770237085,0,9.14,0,8 1 12,3,0.17156913736720988,0.08729486770237085,0,9.14,0,8 1 12,3,0.17156913736720988,0.08729486770237085,0,9.14,0,8 1 12,3,0.17156913736720988,0.08729486770237085,0,9.14,0,8 1 12,3,0.17156913736720988,0.08729486770237085,0,9.14,0,8 1 12,3,0.17156913736720988,0.08729486770237085,0,9.14,0,8 12 13,3,0.1673452254141457,0.09697728680668496,0,7.97,0,1 19 12,3,0.167461354760743,0.060597740295911806,0,9.28,0,10 12,2,0.1256727139867888,0.04879757662895586,0,3.6,0
20,10,500,40,10,20,1,14,19,14,19,10,18,13,17,18,15,10,12,15,19,12,10,13,19,11,11,13 14,2,0.12057038456213406,0.024345332940683702,0,6.0,0,13 14,2,0.12057038456213406,0.024345332940683702,0,6.0,0,19 4 13,3,0.17785697257186533,0.0076030593811320935,0,9.86,0,13 14,2,0.12057038456213406,0.024345332940683702,0,6.0,0,13 14,2,0.12057038456213406,0.024345332940683702,0,6.0,0,19 4 14,3,0.17406584908085612,0.06571218926982478,0,11.3,0,13 14,2,0.12057038456213406,0.024345332940683702,0,6.0,0,13 14,2,0.12057038456213406,0.024345332940683702,0,6.0,0,13 14,2,0.12057038456213406,0.024345332940683702,0,6.0,0,19 4 13,3,0.17785697257186533,0.0076030593811320935,0,9.86,0,16 13,2,0.11939915274907302,0.0433655393385817,0,5.01,0,16 13,2,0.11939915274907302,0.0433655393385817,0,5.01,0,16 11 4,3,0.17155389089850293,0.06524022017553367,0,8.89,0,16 11 4,3,0.17155389089850293,0.06524022017553367,0,8.89,0,16 11 14,3,0.17226303552789943,0.05004001037373096,0,9.21,0,11 13,2,0.11883576029640733,0.03620582307945661,0,5.04,0,11 13,2,0.11883576029640733,0.03620582307945661,0,5.04,0,16 0 4,3,0.1715002345591735,0.0785277960703783,0,8.79,0,0 11 4,3,0.17093684210650775,0.07119889000895636,0,8.82,0
20,10,500,40,10,20,1,15,15,10,19,17,11,18,14,18,17,14,11,14,17,18,19,13,19,14,15,2 11 6,3,0.17139308934802056,0.05841981586428836,0,10.96,0,2 11 6,3,0.17139308934802056,0.05841981586428836,0,10.96,0,11 5 6,3,0.17126537199636388,0.06131498349778941,0,12.25,0,16 6,2,0.12177906739690571,0.03240728727829203,0,5.57,0,13 6,2,0.1211040491030187,0.036415663632549514,0,3.33,0,13 6,2,0.1211040491030187,0.036415663632549514,0,3.33,0,16 6,2,0.12177906739690571,0.03240728727829203,0,5.57,0,16 6,2,0.12177906739690571,0.03240728727829203,0,5.57,0,16 6,2,0.12177906739690571,0.03240728727829203,0,5.57,0,4 6,2,0.12056869282971844,0.016990477358250593,0,2.82,0,13 6,2,0.1211040491030187,0.036415663632549514,0,3.33,0,16 6,2,0.12177906739690571,0.03240728727829203,0,5.57,0,13 6,2,0.1211040491030187,0.036415663632549514,0,3.33,0,13 6,2,0.1211040491030187,0.036415663632549514,0,3.33,0,13 6,2,0.1211040491030187,0.036415663632549514,0,3.33,0,13 6,2,0.1211040491030187,0.036415663632549514,0,3.33,0,16 15,2,0.1117919410170717,0.030782175323227173,0,4.34,0,16 18 11,3,0.17321199055098457,0.04047596777007638,0,12.47,0,16 18 11,3,0.17321199055098457,0.04047596777007638,0,12.47,0
20,10,500,40,10,20,1,15,15,13,11,10,10,12,12,18,11,14,17,14,11,16,14,15,18,12,12,3 11 6,3,0.1786676838518483,0.07575073309764016,0,9.24,0,3 11 6,3,0.1786676838518483,0.07575073309764016,0,9.24,0,3 11 13,3,0.175976232851569,0.06257232960511447,0,9.77,0,1 11,2,0.11663093926919738,0.0042849129741745874,0,5.61,0,1 5 13,3,0.17087246484195073,0.09264481686468917,0,8.66,0,1 11,2,0.11663093926919738,0.0042849129741745874,0,5.61,0,1 5 6,3,0.17356391584223016,0.07264922641263846,0,8.13,0,1 5 6,3,0.17356391584223016,0.07264922641263846,0,8.13,0,1 3 6,3,0.17385800365664297,0.0862079076187789,0,8.73,0,1 3 6,3,0.17385800365664297,0.0862079076187789,0,8.73,0,1 3 6,3,0.17385800365664297,0.0862079076187789,0,8.73,0,3 11 6,3,0.1786676838518483,0.07575073309764016,0,9.24,0,11 5 6,3,0.1783735960374354,0.0933687937189206,0,8.64,0,0 5 6,3,0.17326662692695988,0.06845522019367574,0,8.58,0,0 5 6,3,0.17326662692695988,0.06845522019367574,0,8.58,0,0 5 6,3,0.17326662692695988,0.06845522019367574,0,8.58,0,0 5 6,3,0.17326662692695988,0.06845522019367574,0,8.58,0,0 5 6,3,0.17326662692695988,0.06845522019367574,0,8.58,0,0 11,2,0.11633365035392705,0.03884275901388578,0,6.06,0
20,10,500,40,10,20,1,13,18,17,18,11,14,15,19,14,10,15,18,15,14,18,13,17,18,15,15,17 2,2,0.11977973588832146,0.044917858642761155,0,1.89,0,17 10,2,0.1196889268183452,0.04557656527955413,0,3.36,0,17 10,2,0.1196889268183452,0.04557656527955413,0,3.36,0,17 2,2,0.11977973588832146,0.044917858642761155,0,1.89,0,17 10,2,0.1196889268183452,0.04557656527955413,0,3.36,0,17 2,2,0.11977973588832146,0.044917858642761155,0,1.89,0,17 4 9,3,0.16601005747785957,0.06872685229120568,0,11.03,0,17 4 9,3,0.16601005747785957,0.06872685229120568,0,11.03,0,17 4 9,3,0.16601005747785957,0.06872685229120568,0,11.03,0,17 4 9,3,0.16601005747785957,0.06872685229120568,0,11.03,0,17 4 9,3,0.16601005747785957,0.06872685229120568,0,11.03,0,9 4 17,3,0.16601005747785957,0.06872685229120568,0,11.03,0,9 4 17,3,0.16601005747785957,0.06872685229120568,0,11.03,0,9 4 17,3,0.16601005747785957,0.06872685229120568,0,11.03,0,9 4 17,3,0.16601005747785957,0.06872685229120568,0,11.03,0,9 4 17,3,0.16601005747785957,0.06872685229120568,0,11.03,0,17 4 9,3,0.16601005747785957,0.06872685229120568,0,11.03,0,17 6,2,0.11854162224196103,0.003875098939150926,0,3.66,0,17 6,2,0.11854162224196103,0.003875098939150926,0,3.66,0
20,10,500,40,10,20,1,15,15,18,13,11,15,15,19,19,18,13,11,14,18,13,10,17,14,18,11,17 2,2,0.1241476045503,0.03447356518037024,0,5.26,0,2 14,2,0.12653395250952332,0.04511040845036513,0,6.17,0,2 14,2,0.12653395250952332,0.04511040845036513,0,6.17,0,2 14,2,0.12653395250952332,0.04511040845036513,0,6.17,0,2 14,2,0.12653395250952332,0.04511040845036513,0,6.17,0,2 14,2,0.12653395250952332,0.04511040845036513,0,6.17,0,2 10,2,0.12461898972716316,0.040300123741176,0,5.91,0,2 10,2,0.12461898972716316,0.040300123741176,0,5.91,0,2 10,2,0.12461898972716316,0.040300123741176,0,5.91,0,2 10,2,0.12461898972716316,0.040300123741176,0,5.91,0,2 10,2,0.12461898972716316,0.040300123741176,0,5.91,0,2 10,2,0.12461898972716316,0.040300123741176,0,5.91,0,17 2,2,0.1241476045503,0.03447356518037024,0,5.26,0,17 2,2,0.1241476045503,0.03447356518037024,0,5.26,0,17 10 14,3,0.18233722078583284,0.07329514181870245,0,12.48,0,17 10 14,3,0.18233722078583284,0.07329514181870245,0,12.48,0,8 17,2,0.115372297127183,0.05767630276683262,0,4.21,0,8 14,2,0.11775864508640634,0.03742950712678032,0,5.12,0,8 10,2,0.1158436823040462,0.03151825441597815,0,4.86,0
20,10,500,40,10,20,1,15,16,15,15,12,16,18,10,14,11,10,12,13,12,12,18,15,17,11,16,10 19 13,3,0.189183738156228,0.1057185296631877,0,11.34,0,10 19 13,3,0.189183738156228,0.1057185296631877,0,11.34,0,10 19 13,3,0.189183738156228,0.1057185296631877,0,11.34,0,10 19 13,3,0.189183738156228,0.1057185296631877,0,11.34,0,10 19 13,3,0.189183738156228,0.1057185296631877,0,11.34,0,0 10 13,3,0.1856742399645439,0.06180287599476583,0,11.17,0,0 10 2,3,0.18165903134307348,0.07886574964028113,0,9.4,0,0 10 2,3,0.18165903134307348,0.07886574964028113,0,9.4,0,0 10 2,3,0.18165903134307348,0.07886574964028113,0,9.4,0,0 10 2,3,0.18165903134307348,0.07886574964028113,0,9.4,0,10 19 13,3,0.189183738156228,0.1057185296631877,0,11.34,0,18 10 19,3,0.18297328782311026,0.07182044951555236,0,10.26,0,18 10 19,3,0.18297328782311026,0.07182044951555236,0,10.26,0,0 10 18,3,0.1794637896314261,0.06196010019858067,0,10.09,0,18 10 19,3,0.18297328782311026,0.07182044951555236,0,10.26,0,18 10 19,3,0.18297328782311026,0.07182044951555236,0,10.26,0,18 10 19,3,0.18297328782311026,0.07182044951555236,0,10.26,0,10 19 13,3,0.189183738156228,0.1057185296631877,0,11.34,0,10 13 15,3,0.17647304215309337,0.0859829319824917,0,9.88,0
20,10,500,40,10,20,1,11,15,15,10,19,17,10,12,17,14,12,11,19,11,15,11,13,11,14,16,1 18 11,3,0.16970607192061138,0.07336055531338152,0,9.05,0,1 18 15,3,0.17105682960028465,0.08825211061464566,0,9.49,0,1 18 3,3,0.16944522135969917,0.07203552736028293,0,8.97,0,16 18 10,3,0.16937731854919313,0.054670858597214496,0,9.17,0,9 18 10,3,0.17177584432271645,0.08389335562684208,0,8.96,0,9 18 17,3,0.17318472599739299,0.06084703356300726,0,9.08,0,8 18,2,0.12070770799400629,0.02480418414874139,0,5.62,0,8 18,2,0.12070770799400629,0.02480418414874139,0,5.62,0,1 18 13,3,0.17178869369325295,0.08404850183969202,0,8.83,0,8 1,2,0.11362391616886107,0.007077000253713444,0,4.85,0,9 18 13,3,0.17223366698493678,0.06940684180332049,0,8.2,0,9 18 17,3,0.17318472599739299,0.06084703356300726,0,9.08,0,18 2 13,3,0.1672939469354474,0.05851193125583176,0,7.48,0,9 18 17,3,0.17318472599739299,0.06084703356300726,0,9.08,0,17 18 9,3,0.17318472599739299,0.06084703356300726,0,9.08,0,17 18 9,3,0.17318472599739299,0.06084703356300726,0,9.08,0,17 2 9,3,0.16160618741444233,0.043831525552713586,0,6.96,0,8 2,2,0.10912916941105559,0.014846383964413498,0,3.5,0,8 18,2,0.12070770799400629,0.02480418414874139,0,5.62,0
20,10,500,40,10,20,1,15,11,16,15,13,19,14,16,12,13,18,19,18,11,16,12,12,10,13,12,12 14,2,0.11079045908846138,0.02866464776283005,0,2.94,0,0 14,2,0.11279258750182869,0.019616255765659202,0,6.0,0,16 17 12,3,0.1490330363127714,0.05825097439557783,0,6.06,0,16 0 19,3,0.1730442835294773,0.07854051422264208,0,11.76,0,16 17 12,3,0.1490330363127714,0.05825097439557783,0,6.06,0,16 0 19,3,0.1730442835294773,0.07854051422264208,0,11.76,0,16 0 19,3,0.1730442835294773,0.07854051422264208,0,11.76,0,16 0 19,3,0.1730442835294773,0.07854051422264208,0,11.76,0,16 0 19,3,0.1730442835294773,0.07854051422264208,0,11.76,0,16 0 19,3,0.1730442835294773,0.07854051422264208,0,11.76,0,16 0 19,3,0.1730442835294773,0.07854051422264208,0,11.76,0,0 16 19,3,0.1730442835294773,0.07854051422264208,0,11.76,0,0 16 19,3,0.1730442835294773,0.07854051422264208,0,11.76,0,0 16 19,3,0.1730442835294773,0.07854051422264208,0,11.76,0,0 16 19,3,0.1730442835294773,0.07854051422264208,0,11.76,0,1 19 14,3,0.16888598289121026,0.07539586462714082,0,9.21,0,0 1 19,3,0.17024040468982776,0.06923217408901877,0,10.41,0,0 1 19,3,0.17024040468982776,0.06923217408901877,0,10.41,0,0 19 15,3,0.16751132488355056,0.06580728659672772,0,10.44,0
20,10,500,40,10,20,1,18,12,18,18,18,14,18,12,18,18,16,17,15,16,10,14,19,17,14,12,9 3,2,0.1222517778447395,0.02244473765086284,0,3.6,0,17 3,2,0.1259034329178722,0.04858949284606487,0,3.14,0,17 3,2,0.1259034329178722,0.04858949284606487,0,3.14,0,17 3,2,0.1259034329178722,0.04858949284606487,0,3.14,0,17 3,2,0.1259034329178722,0.04858949284606487,0,3.14,0,17 3,2,0.1259034329178722,0.04858949284606487,0,3.14,0,17 3,2,0.1259034329178722,0.04858949284606487,0,3.14,0,17 3,2,0.1259034329178722,0.04858949284606487,0,3.14,0,17 3,2,0.1259034329178722,0.04858949284606487,0,3.14,0,17 3,2,0.1259034329178722,0.04858949284606487,0,3.14,0,17 3,2,0.1259034329178722,0.04858949284606487,0,3.14,0,17 3,2,0.1259034329178722,0.04858949284606487,0,3.14,0,17 3,2,0.1259034329178722,0.04858949284606487,0,3.14,0,17 3,2,0.1259034329178722,0.04858949284606487,0,3.14,0,17 3,2,0.1259034329178722,0.04858949284606487,0,3.14,0,8 3,2,0.12310213429177252,0.014762301956937424,0,3.06,0,8 3,2,0.12310213429177252,0.014762301956937424,0,3.06,0,8 3,2,0.12310213429177252,0.014762301956937424,0,3.06,0,8 17,2,0.12170975581830706,0.028054864082790117,0,3.32,0
20,10,500,40,10,20,1,10,10,18,12,17,13,13,19,10,19,16,18,10,18,10,14,19,19,16,17,9 2,2,0.11998923646362294,0.005596486392877075,0,1.85,0,0 2 12,3,0.17665666047988385,0.07104130177183005,0,11.6,0,0 2 3,3,0.1762020808019256,0.07699921149355257,0,9.34,0,0 2 12,3,0.17665666047988385,0.07104130177183005,0,11.6,0,0 2 12,3,0.17665666047988385,0.07104130177183005,0,11.6,0,0 2 3,3,0.1762020808019256,0.07699921149355257,0,9.34,0,17 2,2,0.12455806055635249,0.04468695546077694,0,1.66,0,17 2,2,0.12455806055635249,0.04468695546077694,0,1.66,0,17 2,2,0.12455806055635249,0.04468695546077694,0,1.66,0,17 2,2,0.12455806055635249,0.04468695546077694,0,1.66,0,17 2,2,0.12455806055635249,0.04468695546077694,0,1.66,0,17 2,2,0.12455806055635249,0.04468695546077694,0,1.66,0,17 2,2,0.12455806055635249,0.04468695546077694,0,1.66,0,17 2,2,0.12455806055635249,0.04468695546077694,0,1.66,0,17 2,2,0.12455806055635249,0.04468695546077694,0,1.66,0,17 2,2,0.12455806055635249,0.04468695546077694,0,1.66,0,0 17 12,3,0.17723493821537384,0.08432670862567448,0,11.46,0,0 2 12,3,0.17665666047988385,0.07104130177183005,0,11.6,0,0 2 12,3,0.17665666047988385,0.07104130177183005,0,11.6,0
20,10,500,40,10,20,1,15,16,13,12,19,10,19,17,15,17,12,17,18,15,16,19,15,10,16,14,1 19 5,3,0.16887558353904253,0.07167308140519688,0,10.46,0,16 1,2,0.12784961658539046,0.06894692897382196,0,7.11,0,16 1,2,0.12784961658539046,0.06894692897382196,0,7.11,0,1 2 17,3,0.18041818152218067,0.08056964440619589,0,12.53,0,0 1,2,0.12382815987816093,0.037002226182844,0,7.26,0,0 16 17,3,0.1843703334937753,0.10717759298902906,0,13.05,0,0 4,2,0.12085587199822909,0.04264795785972959,0,4.09,0,0 16 17,3,0.1843703334937753,0.10717759298902906,0,13.05,0,0 16 17,3,0.1843703334937753,0.10717759298902906,0,13.05,0,0 4,2,0.12085587199822909,0.04264795785972959,0,4.09,0,1 4,2,0.12378857146236964,0.03722022174892494,0,3.55,0,16 4,2,0.12487732870545866,0.031802219430568476,0,3.94,0,16 4,2,0.12487732870545866,0.031802219430568476,0,3.94,0,16 4,2,0.12487732870545866,0.031802219430568476,0,3.94,0,16 4,2,0.12487732870545866,0.031802219430568476,0,3.94,0,16 4,2,0.12487732870545866,0.031802219430568476,0,3.94,0,16 1,2,0.12784961658539046,0.06894692897382196,0,7.11,0,16 4,2,0.12487732870545866,0.031802219430568476,0,3.94,0,16 1,2,0.12784961658539046,0.06894692897382196,0,7.11,0
20,10,500,40,10,20,1,15,13,15,12,19,13,12,15,10,14,13,16,13,18,16,17,17,18,12,15,3 11 6,3,0.17087917466287694,0.06570430934652094,0,9.56,0,3 11 6,3,0.17087917466287694,0.06570430934652094,0,9.56,0,1 19 6,3,0.18507650057839495,0.06306895709329992,0,11.56,0,1 5 6,3,0.17866917336868657,0.08265601967575245,0,11.96,0,1 6 9,3,0.18113744466507323,0.06265492365887304,0,11.09,0,1 19 6,3,0.18507650057839495,0.06306895709329992,0,11.56,0,1 19 6,3,0.18507650057839495,0.06306895709329992,0,11.56,0,1 19 6,3,0.18507650057839495,0.06306895709329992,0,11.56,0,1 19 6,3,0.18507650057839495,0.06306895709329992,0,11.56,0,1 19 6,3,0.18507650057839495,0.06306895709329992,0,11.56,0,1 19 6,3,0.18507650057839495,0.06306895709329992,0,11.56,0,1 19 6,3,0.18507650057839495,0.06306895709329992,0,11.56,0,1 19 6,3,0.18507650057839495,0.06306895709329992,0,11.56,0,1 19 6,3,0.18507650057839495,0.06306895709329992,0,11.56,0,1 19 6,3,0.18507650057839495,0.06306895709329992,0,11.56,0,1 19 6,3,0.18507650057839495,0.06306895709329992,0,11.56,0,1 19 6,3,0.18507650057839495,0.06306895709329992,0,11.56,0,1 19 6,3,0.18507650057839495,0.06306895709329992,0,11.56,0,8 1 19,3,0.17917983949725755,0.09738261539593343,0,11.28,0
20,10,500,40,10,20,1,11,11,17,11,17,12,10,14,11,14,13,19,18,13,15,13,18,19,12,13,16 2,2,0.12596439042967197,0.039763451992741464,0,4.67,0,16 2,2,0.12596439042967197,0.039763451992741464,0,4.67,0,16 2,2,0.12596439042967197,0.039763451992741464,0,4.67,0,16 2,2,0.12596439042967197,0.039763451992741464,0,4.67,0,16 2,2,0.12596439042967197,0.039763451992741464,0,4.67,0,16 2,2,0.12596439042967197,0.039763451992741464,0,4.67,0,16 2,2,0.12596439042967197,0.039763451992741464,0,4.67,0,16 2,2,0.12596439042967197,0.039763451992741464,0,4.67,0,16 2,2,0.12596439042967197,0.039763451992741464,0,4.67,0,16 2,2,0.12596439042967197,0.039763451992741464,0,4.67,0,16 11,2,0.12284869192156547,0.015789554600789787,0,1.82,0,16 11,2,0.12284869192156547,0.015789554600789787,0,1.82,0,16 2,2,0.12596439042967197,0.039763451992741464,0,4.67,0,16 11,2,0.12284869192156547,0.015789554600789787,0,1.82,0,16 2,2,0.12596439042967197,0.039763451992741464,0,4.67,0,16 2,2,0.12596439042967197,0.039763451992741464,0,4.67,0,16 11,2,0.12284869192156547,0.015789554600789787,0,1.82,0,16 11,2,0.12284869192156547,0.015789554600789787,0,1.82,0,16 8 6,3,0.17113220308764907,0.06151295136505781,0,8.78,0
20,10,500,40,10,20,1,16,10,12,17,15,16,14,14,12,13,14,11,14,19,19,12,10,17,13,12,1 18 9,3,0.16718936432893092,0.04700202091470508,0,9.87,0,1 18 3,3,0.17132363686027113,0.0677574249588783,0,8.28,0,1 18 3,3,0.17132363686027113,0.0677574249588783,0,8.28,0,1 18 4,3,0.17239665504667837,0.0702489265195924,0,9.45,0,1 18 4,3,0.17239665504667837,0.0702489265195924,0,9.45,0,1 18 11,3,0.17540225872813778,0.014904161944172144,0,10.38,0,3 1 11,3,0.17197561224502078,0.05935531484597699,0,8.66,0,3 1 11,3,0.17197561224502078,0.05935531484597699,0,8.66,0,1 11 17,3,0.17185840014435946,0.03416562879879725,0,7.81,0,17 11 1,3,0.17185840014435946,0.03416562879879725,0,7.81,0,17 11 1,3,0.17185840014435946,0.03416562879879725,0,7.81,0,3 1 11,3,0.17197561224502078,0.05935531484597699,0,8.66,0,3 1 11,3,0.17197561224502078,0.05935531484597699,0,8.66,0,17 4,2,0.11121006809768237,0.011171692135896206,0,3.38,0,1 10 4,3,0.16729073233279754,0.059746943171664686,0,8.58,0,16 11 4,3,0.1664866344400515,0.06556421896269855,0,8.53,0,3 4,2,0.11132728019834368,0.014942033073739265,0,4.23,0,17 4,2,0.11121006809768237,0.011171692135896206,0,3.38,0,10 11 12,3,0.1587400400841677,0.06404309397713155,0,8.25,0
20,10,500,40,10,20,1,14,11,11,12,16,14,12,11,14,14,12,16,11,19,15,15,14,17,11,15,9 12 14,3,0.17537506140367184,0.05867113841419265,0,9.29,0,3 12 14,3,0.18042733403058858,0.07930480359573473,0,9.97,0,1 3 14,3,0.1761034797345951,0.057716113823972244,0,10.41,0,1 3 14,3,0.1761034797345951,0.057716113823972244,0,10.41,0,3 12 14,3,0.18042733403058858,0.07930480359573473,0,9.97,0,3 12 14,3,0.18042733403058858,0.07930480359573473,0,9.97,0,10 3 14,3,0.1799573929929936,0.09142878470421702,0,10.53,0,1 3 14,3,0.1761034797345951,0.057716113823972244,0,10.41,0,1 3 14,3,0.1761034797345951,0.057716113823972244,0,10.41,0,1 3 14,3,0.1761034797345951,0.057716113823972244,0,10.41,0,10 3 14,3,0.1799573929929936,0.09142878470421702,0,10.53,0,0 12 14,3,0.17809474380139712,0.059473139755169574,0,8.59,0,3 12 14,3,0.18042733403058858,0.07930480359573473,0,9.97,0,3 12 14,3,0.18042733403058858,0.07930480359573473,0,9.97,0,0 12 14,3,0.17809474380139712,0.059473139755169574,0,8.59,0,0 12 14,3,0.17809474380139712,0.059473139755169574,0,8.59,0,0 12 14,3,0.17809474380139712,0.059473139755169574,0,8.59,0,3 4 12,3,0.16511527589282296,0.05081797819499033,0,6.84,0,9 10 3,3,0.17335715720108535,0.056145001529224775,0,10.72,0
20,10,500,40,10,20,1,18,15,15,17,10,15,15,17,11,13,18,18,19,19,16,10,16,17,13,10,2 4 5,3,0.16337004761987037,0.03339113929238394,0,10.55,0,17 5,2,0.12173308368820553,0.011143722294116956,0,6.18,0,17 5,2,0.12173308368820553,0.011143722294116956,0,6.18,0,8 5 15,3,0.16847529540319264,0.07368897941557316,0,12.94,0,11 5,2,0.12264034970820747,0.047512057929739664,0,5.19,0,0 5,2,0.1239071529145306,0.0324774099114763,0,5.19,0,0 5,2,0.1239071529145306,0.0324774099114763,0,5.19,0,0 5,2,0.1239071529145306,0.0324774099114763,0,5.19,0,11 5,2,0.12264034970820747,0.047512057929739664,0,5.19,0,17 5,2,0.12173308368820553,0.011143722294116956,0,6.18,0,17 5,2,0.12173308368820553,0.011143722294116956,0,6.18,0,17 5,2,0.12173308368820553,0.011143722294116956,0,6.18,0,17 5,2,0.12173308368820553,0.011143722294116956,0,6.18,0,11 5,2,0.12264034970820747,0.047512057929739664,0,5.19,0,11 5,2,0.12264034970820747,0.047512057929739664,0,5.19,0,17 5,2,0.12173308368820553,0.011143722294116956,0,6.18,0,8 19 5,3,0.16996071079009137,0.0779094242532771,0,12.94,0,17 5,2,0.12173308368820553,0.011143722294116956,0,6.18,0,0 5,2,0.1239071529145306,0.0324774099114763,0,5.19,0
20,10,500,40,10,20,1,14,19,16,14,15,18,18,18,19,12,17,15,15,10,11,11,16,17,17,14,0 19 15,3,0.17586534200534623,0.08164784341947294,0,13.18,0,0 19 15,3,0.17586534200534623,0.08164784341947294,0,13.18,0,0 19 14,3,0.17672348477338443,0.03208567116473281,0,14.28,0,0 19 14,3,0.17672348477338443,0.03208567116473281,0,14.28,0,0 19 14,3,0.17672348477338443,0.03208567116473281,0,14.28,0,11 19 14,3,0.17323054603582697,0.043517911172291104,0,12.5,0,11 19 15,3,0.17237240326778874,0.055351379648405995,0,11.4,0,0 19 15,3,0.17586534200534623,0.08164784341947294,0,13.18,0,0 9 19,3,0.17564073051181417,0.047758608335470604,0,12.42,0,0 9 19,3,0.17564073051181417,0.047758608335470604,0,12.42,0,11 19 14,3,0.17323054603582697,0.043517911172291104,0,12.5,0,11 19 14,3,0.17323054603582697,0.043517911172291104,0,12.5,0,3 19 14,3,0.16976760150479392,0.07965563119306485,0,12.74,0,3 19 14,3,0.16976760150479392,0.07965563119306485,0,12.74,0,3 9 19,3,0.1686848472432236,0.05210285624216495,0,10.88,0,3 9 19,3,0.1686848472432236,0.05210285624216495,0,10.88,0,18 19,2,0.12183785090546355,0.023856846003199476,0,5.86,0,18 3,2,0.11334958633674477,0.04881723206440605,0,3.62,0,3 5,2,0.11527308972065675,0.0181387405912491,0,3.48,0
20,10,500,40,10,20,1,14,19,14,19,18,18,15,13,15,14,14,12,12,14,16,16,19,13,10,13,1 12,2,0.12655301230594374,0.03571503181531711,0,5.35,0,1 12,2,0.12655301230594374,0.03571503181531711,0,5.35,0,1 12,2,0.12655301230594374,0.03571503181531711,0,5.35,0,1 12,2,0.12655301230594374,0.03571503181531711,0,5.35,0,1 12,2,0.12655301230594374,0.03571503181531711,0,5.35,0,1 12,2,0.12655301230594374,0.03571503181531711,0,5.35,0,1 12,2,0.12655301230594374,0.03571503181531711,0,5.35,0,1 12,2,0.12655301230594374,0.03571503181531711,0,5.35,0,1 12,2,0.12655301230594374,0.03571503181531711,0,5.35,0,0 1,2,0.12151607413146129,0.040055801008538734,0,3.13,0,1 12,2,0.12655301230594374,0.03571503181531711,0,5.35,0,1 2,2,0.12117684882460378,0.011430984782583089,0,2.99,0,1 12,2,0.12655301230594374,0.03571503181531711,0,5.35,0,0 1,2,0.12151607413146129,0.040055801008538734,0,3.13,0,1 12,2,0.12655301230594374,0.03571503181531711,0,5.35,0,0 1,2,0.12151607413146129,0.040055801008538734,0,3.13,0,1 19,2,0.12154716328058703,0.06238640799139,0,4.48,0,18 19 15,3,0.14889506534273533,0.025524580861341455,0,8.03,0,2 10 12,3,0.17703225189638466,0.06054867949632439,0,11.04,0
20,10,500,40,10,20,1,16,10,19,11,17,16,13,13,16,15,19,15,17,12,18,17,11,16,16,13,4 15,2,0.11989097148660796,0.03756105300418598,0,4.59,0,4 15,2,0.11989097148660796,0.03756105300418598,0,4.59,0,4 15,2,0.11989097148660796,0.03756105300418598,0,4.59,0,8 15,2,0.12351387501060768,0.01663323358114276,0,4.97,0,8 15,2,0.12351387501060768,0.01663323358114276,0,4.97,0,8 15,2,0.12351387501060768,0.01663323358114276,0,4.97,0,8 15,2,0.12351387501060768,0.01663323358114276,0,4.97,0,8 15,2,0.12351387501060768,0.01663323358114276,0,4.97,0,0 15,2,0.11868906709740058,0.03718574449109134,0,4.81,0,8 15,2,0.12351387501060768,0.01663323358114276,0,4.97,0,0 15,2,0.11868906709740058,0.03718574449109134,0,4.81,0,8 15,2,0.12351387501060768,0.01663323358114276,0,4.97,0,8 15,2,0.12351387501060768,0.01663323358114276,0,4.97,0,8 15,2,0.12351387501060768,0.01663323358114276,0,4.97,0,8 15,2,0.12351387501060768,0.01663323358114276,0,4.97,0,0 15,2,0.11868906709740058,0.03718574449109134,0,4.81,0,8 15,2,0.12351387501060768,0.01663323358114276,0,4.97,0,8 1 3,3,0.16981809007464224,0.0862343311859945,0,12.37,0,8 2,2,0.10950057777387427,0.047547945418769826,0,2.08,0
20,10,500,40,10,20,1,10,17,18,13,19,12,11,11,15,10,15,19,17,16,11,13,15,13,17,14,1 17 9,3,0.17933404672657002,0.09336010431420222,0,10.04,0,16 1,2,0.1274807714245324,0.023988434071227922,0,6.06,0,16 1,2,0.1274807714245324,0.023988434071227922,0,6.06,0,16 1,2,0.1274807714245324,0.023988434071227922,0,6.06,0,16 1,2,0.1274807714245324,0.023988434071227922,0,6.06,0,16 11,2,0.12172451604781695,0.008737714170427176,0,3.76,0,16 11,2,0.12172451604781695,0.008737714170427176,0,3.76,0,16 1,2,0.1274807714245324,0.023988434071227922,0,6.06,0,16 1,2,0.1274807714245324,0.023988434071227922,0,6.06,0,16 11,2,0.12172451604781695,0.008737714170427176,0,3.76,0,16 1,2,0.1274807714245324,0.023988434071227922,0,6.06,0,1 17 9,3,0.17933404672657002,0.09336010431420222,0,10.04,0,1 17 9,3,0.17933404672657002,0.09336010431420222,0,10.04,0,1 17 9,3,0.17933404672657002,0.09336010431420222,0,10.04,0,1 17 9,3,0.17933404672657002,0.09336010431420222,0,10.04,0,1 17 9,3,0.17933404672657002,0.09336010431420222,0,10.04,0,1 17 9,3,0.17933404672657002,0.09336010431420222,0,10.04,0,1 17 9,3,0.17933404672657002,0.09336010431420222,0,10.04,0,3 17 19,3,0.1650596573663665,0.061298898311360685,0,7.08,0
20,10,500,40,10,20,1,19,12,19,12,19,11,19,12,16,12,18,13,18,12,17,12,18,13,11,12,4 5,2,0.11712338428149298,0.03759768767414317,0,5.66,0,4 5,2,0.11712338428149298,0.03759768767414317,0,5.66,0,8 19 5,3,0.1720654511306142,0.0679398568555319,0,12.48,0,19 5 14,3,0.17088302323760055,0.07629264597765002,0,11.19,0,8 3 5,3,0.17373966019699888,0.10175442663145297,0,12.0,0,8 3 5,3,0.17373966019699888,0.10175442663145297,0,12.0,0,8 13 5,3,0.17491433428091732,0.07866455597679338,0,12.12,0,8 13 5,3,0.17491433428091732,0.07866455597679338,0,12.12,0,13 11 5,3,0.17593445961830542,0.02561771680490076,0,10.88,0,13 3 5,3,0.17706471068049173,0.06383022102759184,0,11.16,0,13 11 5,3,0.17593445961830542,0.02561771680490076,0,10.88,0,13 11 5,3,0.17593445961830542,0.02561771680490076,0,10.88,0,13 11 5,3,0.17593445961830542,0.02561771680490076,0,10.88,0,13 11 5,3,0.17593445961830542,0.02561771680490076,0,10.88,0,13 11 5,3,0.17593445961830542,0.02561771680490076,0,10.88,0,13 19 5,3,0.17539050161410702,0.07316091812492667,0,11.64,0,13 5 7,3,0.17339910724482016,0.05235425142378021,0,10.8,0,18 12 5,3,0.17215779477197604,0.045299890476072364,0,8.68,0,9 19 1,3,0.15226733791047647,0.06045877041012121,0,7.92,0
20,10,500,40,10,20,1,15,11,16,18,15,11,11,11,17,16,16,14,13,18,13,17,19,11,15,17,18 3,2,0.11923266009311241,0.04454720281151999,0,5.64,0,18 3,2,0.11923266009311241,0.04454720281151999,0,5.64,0,18 3,2,0.11923266009311241,0.04454720281151999,0,5.64,0,18 19,2,0.12244607807031806,0.04167321252195997,0,5.0,0,18 19,2,0.12244607807031806,0.04167321252195997,0,5.0,0,18 19,2,0.12244607807031806,0.04167321252195997,0,5.0,0,18 19,2,0.12244607807031806,0.04167321252195997,0,5.0,0,18 19,2,0.12244607807031806,0.04167321252195997,0,5.0,0,18 3,2,0.11923266009311241,0.04454720281151999,0,5.64,0,18 19,2,0.12244607807031806,0.04167321252195997,0,5.0,0,3 19,2,0.11955356307862995,0.01940679641721429,0,4.04,0,17 18 5,3,0.17373331819931195,0.07284448498964294,0,12.1,0,17 18 5,3,0.17373331819931195,0.07284448498964294,0,12.1,0,1 18 5,3,0.17549321719071428,0.08606586706527178,0,10.89,0,18 5 6,3,0.17289624748084528,0.049118363092053405,0,11.55,0,19 5 6,3,0.17321715046636285,0.05523658187674127,0,9.95,0,19 5 6,3,0.17321715046636285,0.05523658187674127,0,9.95,0,19 5 6,3,0.17321715046636285,0.05523658187674127,0,9.95,0,8 17 5,3,0.16105807132422623,0.0828089490770454,0,9.14,0
20,10,500,40,10,20,1,11,15,19,10,11,15,18,14,18,15,17,18,11,17,18,11,10,12,16,18,18 5,2,0.12412121178109949,0.04063715960074927,0,5.58,0,18 5,2,0.12412121178109949,0.04063715960074927,0,5.58,0,18 5,2,0.12412121178109949,0.04063715960074927,0,5.58,0,18 5,2,0.12412121178109949,0.04063715960074927,0,5.58,0,18 5,2,0.12412121178109949,0.04063715960074927,0,5.58,0,18 5,2,0.12412121178109949,0.04063715960074927,0,5.58,0,17 18 3,3,0.18087609993276416,0.07777336401868708,0,11.86,0,0 17 18,3,0.17758121156671478,0.08344387962710623,0,11.74,0,0 17 18,3,0.17758121156671478,0.08344387962710623,0,11.74,0,17 18 3,3,0.18087609993276416,0.07777336401868708,0,11.86,0,18 5,2,0.12412121178109949,0.04063715960074927,0,5.58,0,17 18 3,3,0.18087609993276416,0.07777336401868708,0,11.86,0,17 18 3,3,0.18087609993276416,0.07777336401868708,0,11.86,0,17 3 9,3,0.17350475833424317,0.060324444984358946,0,11.08,0,17 18 3,3,0.18087609993276416,0.07777336401868708,0,11.86,0,17 3 9,3,0.17350475833424317,0.060324444984358946,0,11.08,0,17 3 6,3,0.17583879989114126,0.07743825263236244,0,10.96,0,17 18 3,3,0.18087609993276416,0.07777336401868708,0,11.86,0,18 6,2,0.12086243606857282,0.050105861333553686,0,4.86,0
20,10,500,40,10,20,1,18,10,17,19,18,18,14,12,13,11,17,14,10,19,10,13,14,16,14,14,8 6 14,3,0.17545963355482497,0.09355748955114185,0,11.41,0,8 0,2,0.11560842163487298,0.03534513020051415,0,4.93,0,8 6 14,3,0.17545963355482497,0.09355748955114185,0,11.41,0,8 6 14,3,0.17545963355482497,0.09355748955114185,0,11.41,0,8 6 14,3,0.17545963355482497,0.09355748955114185,0,11.41,0,8 12 6,3,0.17602683794046745,0.07211043156597954,0,10.91,0,0 6,2,0.11919842118118751,0.03237703763228737,0,4.68,0,0 6,2,0.11919842118118751,0.03237703763228737,0,4.68,0,0 6,2,0.11919842118118751,0.03237703763228737,0,4.68,0,0 6,2,0.11919842118118751,0.03237703763228737,0,4.68,0,0 6,2,0.11919842118118751,0.03237703763228737,0,4.68,0,0 6,2,0.11919842118118751,0.03237703763228737,0,4.68,0,0 6,2,0.11919842118118751,0.03237703763228737,0,4.68,0,0 6,2,0.11919842118118751,0.03237703763228737,0,4.68,0,19 12 6,3,0.17187673406530293,0.08633623283535935,0,9.26,0,0 6,2,0.11919842118118751,0.03237703763228737,0,4.68,0,0 6,2,0.11919842118118751,0.03237703763228737,0,4.68,0,0 6,2,0.11919842118118751,0.03237703763228737,0,4.68,0,18 13,2,0.10403844796568612,0.032315560508791,0,2.76,0
20,10,500,40,10,20,1,14,14,13,19,12,10,13,14,10,18,12,19,17,17,12,14,18,15,13,14,1 10 14,3,0.1693373455739387,0.04205174283414437,0,11.56,0,10 14 15,3,0.1759233133465178,0.04126008571429252,0,11.42,0,10 14 7,3,0.1752568958508681,0.08850180935215815,0,12.26,0,5 13 14,3,0.16309377747351964,0.045428023307997556,0,7.87,0,10 14 7,3,0.1752568958508681,0.08850180935215815,0,12.26,0,10 14 7,3,0.1752568958508681,0.08850180935215815,0,12.26,0,8 10 12,3,0.16840239579043714,0.051533944080564255,0,8.97,0,8 10 13,3,0.16726253553995488,0.08446684945523913,0,8.97,0,10 11,2,0.11602086910933761,0.029357781508068784,0,4.87,0,10 11,2,0.11602086910933761,0.029357781508068784,0,4.87,0,8 10 12,3,0.16840239579043714,0.051533944080564255,0,8.97,0,8 10 12,3,0.16840239579043714,0.051533944080564255,0,8.97,0,10 14 15,3,0.1759233133465178,0.04126008571429252,0,11.42,0,10 14 15,3,0.1759233133465178,0.04126008571429252,0,11.42,0,10 14 15,3,0.1759233133465178,0.04126008571429252,0,11.42,0,10 14 15,3,0.1759233133465178,0.04126008571429252,0,11.42,0,16 8 10,3,0.16597251887510006,0.061415226771043406,0,9.22,0,10 14 7,3,0.1752568958508681,0.08850180935215815,0,12.26,0,10 14 7,3,0.1752568958508681,0.08850180935215815,0,12.26,0
20,10,500,40,10,20,1,17,10,15,19,11,15,17,19,17,16,18,19,11,16,14,16,16,18,12,17,10 5,2,0.11702717921111554,0.04051259120443244,0,4.53,0,8 10,2,0.12637985752770942,0.05520180015727065,0,3.85,0,9 10,2,0.12394353996045565,0.041432873635127834,0,4.06,0,8 10,2,0.12637985752770942,0.05520180015727065,0,3.85,0,9 10,2,0.12394353996045565,0.041432873635127834,0,4.06,0,9 10,2,0.12394353996045565,0.041432873635127834,0,4.06,0,9 10,2,0.12394353996045565,0.041432873635127834,0,4.06,0,8 10,2,0.12637985752770942,0.05520180015727065,0,3.85,0,8 10,2,0.12637985752770942,0.05520180015727065,0,3.85,0,8 10,2,0.12637985752770942,0.05520180015727065,0,3.85,0,8 10,2,0.12637985752770942,0.05520180015727065,0,3.85,0,8 10,2,0.12637985752770942,0.05520180015727065,0,3.85,0,8 10,2,0.12637985752770942,0.05520180015727065,0,3.85,0,8 10,2,0.12637985752770942,0.05520180015727065,0,3.85,0,8 10,2,0.12637985752770942,0.05520180015727065,0,3.85,0,8 10,2,0.12637985752770942,0.05520180015727065,0,3.85,0,8 10,2,0.12637985752770942,0.05520180015727065,0,3.85,0,8 10,2,0.12637985752770942,0.05520180015727065,0,3.85,0,8 10,2,0.12637985752770942,0.05520180015727065,0,3.85,0
20,10,500,40,10,20,1,11,16,14,12,18,18,17,13,10,19,19,11,15,13,17,15,15,11,17,15,1 17 7,3,0.18308843120266233,0.07513301487712323,0,13.14,0,5 7,2,0.1246108934744638,0.026365575069274706,0,6.72,0,0 17 5,3,0.17156472294404587,0.05955792894898945,0,10.28,0,5 7,2,0.1246108934744638,0.026365575069274706,0,6.72,0,5 7,2,0.1246108934744638,0.026365575069274706,0,6.72,0,5 7,2,0.1246108934744638,0.026365575069274706,0,6.72,0,5 7,2,0.1246108934744638,0.026365575069274706,0,6.72,0,4 7,2,0.12178999688858819,0.037376046932880796,0,6.36,0,4 7,2,0.12178999688858819,0.037376046932880796,0,6.36,0,4 5,2,0.12050704879293095,0.03424344194290579,0,2.16,0,4 5,2,0.12050704879293095,0.03424344194290579,0,2.16,0,4 5,2,0.12050704879293095,0.03424344194290579,0,2.16,0,2 5,2,0.11742808551048038,0.042536958870019764,0,4.62,0,4 5,2,0.12050704879293095,0.03424344194290579,0,2.16,0,4 5,2,0.12050704879293095,0.03424344194290579,0,2.16,0,4 5,2,0.12050704879293095,0.03424344194290579,0,2.16,0,17 12 7,3,0.17779085141571385,0.0679858742153225,0,13.74,0,0 17 5,3,0.17156472294404587,0.05955792894898945,0,10.28,0,17 2 7,3,0.17849557670091554,0.03764178941255776,0,14.1,0
20,10,500,40,10,20,1,16,17,13,13,12,16,13,19,14,12,18,17,19,15,11,19,12,14,18,10,8 16 6,3,0.1771505516978175,0.07325549366220178,0,12.74,0,18 6,2,0.12897766489872253,0.027393519163412185,0,6.9,0,19 5 6,3,0.16103201057710642,0.02834531199841224,0,10.3,0,18 6,2,0.12897766489872253,0.027393519163412185,0,6.9,0,18 6,2,0.12897766489872253,0.027393519163412185,0,6.9,0,18 6,2,0.12897766489872253,0.027393519163412185,0,6.9,0,18 6,2,0.12897766489872253,0.027393519163412185,0,6.9,0,18 6,2,0.12897766489872253,0.027393519163412185,0,6.9,0,18 6,2,0.12897766489872253,0.027393519163412185,0,6.9,0,6 7,2,0.12493514458805975,0.023518444804172617,0,5.84,0,6 7,2,0.12493514458805975,0.023518444804172617,0,5.84,0,6 7,2,0.12493514458805975,0.023518444804172617,0,5.84,0,18 7,2,0.12312805086263107,0.043116245220982105,0,1.82,0,18 7,2,0.12312805086263107,0.043116245220982105,0,1.82,0,18 6,2,0.12897766489872253,0.027393519163412185,0,6.9,0,18 6,2,0.12897766489872253,0.027393519163412185,0,6.9,0,18 6,2,0.12897766489872253,0.027393519163412185,0,6.9,0,18 6,2,0.12897766489872253,0.027393519163412185,0,6.9,0,19 5 6,3,0.16103201057710642,0.02834531199841224,0,10.3,0
20,10,500,40,10,20,1,15,15,10,19,16,18,15,12,19,11,14,19,11,10,18,18,12,12,13,10,11 14,2,0.12016610346427925,0.030829195981928507,0,4.4,0,2 14 7,3,0.1772254159135283,0.06411422184053273,0,9.14,0,9 2 14,3,0.1793160702790052,0.09437687544172876,0,9.9,0,9 2 14,3,0.1793160702790052,0.09437687544172876,0,9.9,0,9 2 14,3,0.1793160702790052,0.09437687544172876,0,9.9,0,9 19 14,3,0.1790639650600996,0.09453894026026485,0,9.6,0,11 14,2,0.12016610346427925,0.030829195981928507,0,4.4,0,9 2 19,3,0.17793675152171987,0.08925198162841518,0,10.22,0,11 2 19,3,0.1781812758929735,0.07242188884171133,0,8.22,0,11 2 19,3,0.1781812758929735,0.07242188884171133,0,8.22,0,11 2 19,3,0.1781812758929735,0.07242188884171133,0,8.22,0,11 2 19,3,0.1781812758929735,0.07242188884171133,0,8.22,0,2 19 14,3,0.17905858187741333,0.0927504343671177,0,9.58,0,9 19 14,3,0.1790639650600996,0.09453894026026485,0,9.6,0,9 2 14,3,0.1793160702790052,0.09437687544172876,0,9.9,0,9 2 11,3,0.17843876429456543,0.06290238171822214,0,8.54,0,9 2 11,3,0.17843876429456543,0.06290238171822214,0,8.54,0,11 7,2,0.11695361874310885,0.029686967242160994,0,4.28,0,11 14,2,0.12016610346427925,0.030829195981928507,0,4.4,0
20,10,500,40,10,20,1,17,13,12,17,16,14,17,12,16,11,13,14,14,16,12,15,18,13,14,13,9 7 15,3,0.17525751511617918,0.05629080666776216,0,11.74,0,9 11 15,3,0.1777165668027656,0.04458349014579799,0,13.32,0,9 11 15,3,0.1777165668027656,0.04458349014579799,0,13.32,0,9 11 15,3,0.1777165668027656,0.04458349014579799,0,13.32,0,9 11 15,3,0.1777165668027656,0.04458349014579799,0,13.32,0,11 13,2,0.11727538627065327,0.01980144632265994,0,5.82,0,9 11 7,3,0.17754291552738333,0.040399401256404274,0,13.62,0,9 11 7,3,0.17754291552738333,0.040399401256404274,0,13.62,0,9 11 7,3,0.17754291552738333,0.040399401256404274,0,13.62,0,9 11 7,3,0.17754291552738333,0.040399401256404274,0,13.62,0,11 14 7,3,0.1774859013098472,0.06437611446221742,0,12.38,0,11 14 7,3,0.1774859013098472,0.06437611446221742,0,12.38,0,11 14 7,3,0.1774859013098472,0.06437611446221742,0,12.38,0,11 14 7,3,0.1774859013098472,0.06437611446221742,0,12.38,0,16 7,2,0.1150546113004816,0.016237021179378315,0,3.78,0,16 7,2,0.1150546113004816,0.016237021179378315,0,3.78,0,16 7,2,0.1150546113004816,0.016237021179378315,0,3.78,0,16 9,2,0.11390375695630929,0.017522525061681806,0,5.02,0,16 7,2,0.1150546113004816,0.016237021179378315,0,3.78,0
20,10,500,40,10,20,1,17,12,16,17,12,18,13,19,13,11,11,17,19,13,14,15,12,13,15,16,19 14,2,0.12037427161458178,0.03907255936974766,0,7.38,0,16 17 14,3,0.17326560283113224,0.07713558621944386,0,12.48,0,3 14,2,0.11895469520191597,0.01769077493365494,0,5.53,0,8 17 14,3,0.17742807569093724,0.04438400395784585,0,12.27,0,8 17 14,3,0.17742807569093724,0.04438400395784585,0,12.27,0,8 17 14,3,0.17742807569093724,0.04438400395784585,0,12.27,0,8 17 14,3,0.17742807569093724,0.04438400395784585,0,12.27,0,8 17 14,3,0.17742807569093724,0.04438400395784585,0,12.27,0,8 17 14,3,0.17742807569093724,0.04438400395784585,0,12.27,0,8 17 14,3,0.17742807569093724,0.04438400395784585,0,12.27,0,19 14,2,0.12037427161458178,0.03907255936974766,0,7.38,0,19 14,2,0.12037427161458178,0.03907255936974766,0,7.38,0,19 14,2,0.12037427161458178,0.03907255936974766,0,7.38,0,19 14,2,0.12037427161458178,0.03907255936974766,0,7.38,0,12 14,2,0.11525044350174221,0.04819466597191694,0,4.34,0,8 17 14,3,0.17742807569093724,0.04438400395784585,0,12.27,0,12 14,2,0.11525044350174221,0.04819466597191694,0,4.34,0,16 12,2,0.10612476296501087,0.030316095019748544,0,3.72,0,8 12,2,0.11028723582481584,0.02407419301100134,0,3.51,0
20,10,500,40,10,20,1,14,10,13,16,17,15,10,13,17,16,14,12,14,18,12,14,12,11,11,19,15 14 7,3,0.1815871293373861,0.055452138260398534,0,11.19,0,7 14 15,3,0.1815871293373861,0.055452138260398534,0,11.19,0,7 14 15,3,0.1815871293373861,0.055452138260398534,0,11.19,0,7 14 15,3,0.1815871293373861,0.055452138260398534,0,11.19,0,7 14 15,3,0.1815871293373861,0.055452138260398534,0,11.19,0,7 14 15,3,0.1815871293373861,0.055452138260398534,0,11.19,0,7 14 15,3,0.1815871293373861,0.055452138260398534,0,11.19,0,7 14 15,3,0.1815871293373861,0.055452138260398534,0,11.19,0,7 14 15,3,0.1815871293373861,0.055452138260398534,0,11.19,0,10 14 15,3,0.1780154699853114,0.03367005997698416,0,9.8,0,10 14 15,3,0.1780154699853114,0.03367005997698416,0,9.8,0,10 14 15,3,0.1780154699853114,0.03367005997698416,0,9.8,0,10 14 7,3,0.17547869483599235,0.07491433501984796,0,9.51,0,10 14 7,3,0.17547869483599235,0.07491433501984796,0,9.51,0,10 14 7,3,0.17547869483599235,0.07491433501984796,0,9.51,0,10 14 7,3,0.17547869483599235,0.07491433501984796,0,9.51,0,10 14 7,3,0.17547869483599235,0.07491433501984796,0,9.51,0,10 19,2,0.11507147035884152,0.018296297871065417,0,2.76,0,10 14 7,3,0.17547869483599235,0.07491433501984796,0,9.51,0
20,10,500,40,10,20,1,11,16,19,17,12,17,15,18,16,13,15,19,16,19,11,17,14,13,16,14,0 14 7,3,0.17483699309689066,0.08877436683991044,0,13.69,0,0 14 7,3,0.17483699309689066,0.08877436683991044,0,13.69,0,0 1 17,3,0.182045408876722,0.07591042116561075,0,14.62,0,0 1 17,3,0.182045408876722,0.07591042116561075,0,14.62,0,1 7,2,0.12652044871852422,0.03960329449464931,0,4.14,0,1 7,2,0.12652044871852422,0.03960329449464931,0,4.14,0,1 7,2,0.12652044871852422,0.03960329449464931,0,4.14,0,0 1 17,3,0.182045408876722,0.07591042116561075,0,14.62,0,1 7,2,0.12652044871852422,0.03960329449464931,0,4.14,0,1 7,2,0.12652044871852422,0.03960329449464931,0,4.14,0,1 7,2,0.12652044871852422,0.03960329449464931,0,4.14,0,1 7,2,0.12652044871852422,0.03960329449464931,0,4.14,0,1 7,2,0.12652044871852422,0.03960329449464931,0,4.14,0,1 7,2,0.12652044871852422,0.03960329449464931,0,4.14,0,1 7,2,0.12652044871852422,0.03960329449464931,0,4.14,0,1 7,2,0.12652044871852422,0.03960329449464931,0,4.14,0,1 7,2,0.12652044871852422,0.03960329449464931,0,4.14,0,1 7,2,0.12652044871852422,0.03960329449464931,0,4.14,0,16 1,2,0.11937235611885601,0.04121147244512797,0,6.24,0
20,10,500,40,10,20,1,10,19,18,14,11,10,18,14,16,10,11,12,14,14,13,11,12,17,15,15,10 18 11,3,0.18030734668326118,0.08398537906297411,0,10.32,0,11 18 10,3,0.18030734668326118,0.08398537906297411,0,10.32,0,18 10 11,3,0.18030734668326118,0.08398537906297411,0,10.32,0,10 18 11,3,0.18030734668326118,0.08398537906297411,0,10.32,0,18 10 11,3,0.18030734668326118,0.08398537906297411,0,10.32,0,9 11 6,3,0.17615617957972546,0.08473933393542472,0,7.36,0,9 11 6,3,0.17615617957972546,0.08473933393542472,0,7.36,0,9 11 6,3,0.17615617957972546,0.08473933393542472,0,7.36,0,16 11 14,3,0.17982670128677103,0.10297189209913858,0,8.34,0,16 18 11,3,0.18174327902693743,0.05838151683386417,0,9.45,0,16 11 12,3,0.18021434925883775,0.05207041383569799,0,8.66,0,16 11 12,3,0.18021434925883775,0.05207041383569799,0,8.66,0,16 11 14,3,0.17982670128677103,0.10297189209913858,0,8.34,0,16 11 12,3,0.18021434925883775,0.05207041383569799,0,8.66,0,16 11 12,3,0.18021434925883775,0.05207041383569799,0,8.66,0,16 11 12,3,0.18021434925883775,0.05207041383569799,0,8.66,0,16 11 12,3,0.18021434925883775,0.05207041383569799,0,8.66,0,16 9 11,3,0.17733037668593013,0.05314617162084296,0,8.5,0,16 19 11,3,0.17483859451389616,0.08402925698453241,0,8.55,0
20,10,500,40,10,20,1,17,15,12,18,15,10,15,11,12,13,13,16,15,11,11,18,17,10,19,15,1 5 13,3,0.17320846157889647,0.06605037627213989,0,10.58,0,8 1 13,3,0.19009884598084198,0.09931502746039514,0,11.82,0,8 1 13,3,0.19009884598084198,0.09931502746039514,0,11.82,0,1 5 6,3,0.17770276318762637,0.07434382204411041,0,10.1,0,1 5 6,3,0.17770276318762637,0.07434382204411041,0,10.1,0,1 5 6,3,0.17770276318762637,0.07434382204411041,0,10.1,0,1 5 6,3,0.17770276318762637,0.07434382204411041,0,10.1,0,1 5 6,3,0.17770276318762637,0.07434382204411041,0,10.1,0,1 5 6,3,0.17770276318762637,0.07434382204411041,0,10.1,0,1 5 6,3,0.17770276318762637,0.07434382204411041,0,10.1,0,1 5 6,3,0.17770276318762637,0.07434382204411041,0,10.1,0,1 5 6,3,0.17770276318762637,0.07434382204411041,0,10.1,0,1 5 6,3,0.17770276318762637,0.07434382204411041,0,10.1,0,1 6 17,3,0.17567108239118537,0.07473422455016437,0,9.3,0,1 6 17,3,0.17567108239118537,0.07473422455016437,0,9.3,0,1 6 17,3,0.17567108239118537,0.07473422455016437,0,9.3,0,1 5 6,3,0.17770276318762637,0.07434382204411041,0,10.1,0,1 5 6,3,0.17770276318762637,0.07434382204411041,0,10.1,0,1 5 6,3,0.17770276318762637,0.07434382204411041,0,10.1,0
20,10,500,40,10,20,1,11,10,13,18,18,19,11,16,10,13,18,16,19,12,18,18,17,18,14,17,9 14,2,0.11265071923485821,0.036568197618219576,0,4.71,0,8 0 5,3,0.18091250397818193,0.04840948220404741,0,11.16,0,8 0 14,3,0.17967768353076585,0.051741382045778384,0,12.0,0,8 0 14,3,0.17967768353076585,0.051741382045778384,0,12.0,0,5 14,2,0.12379819171637357,0.03573296486346595,0,3.12,0,8 0 14,3,0.17967768353076585,0.051741382045778384,0,12.0,0,8 0 14,3,0.17967768353076585,0.051741382045778384,0,12.0,0,8 0 14,3,0.17967768353076585,0.051741382045778384,0,12.0,0,8 0 14,3,0.17967768353076585,0.051741382045778384,0,12.0,0,8 0 5,3,0.18091250397818193,0.04840948220404741,0,11.16,0,8 0 5,3,0.18091250397818193,0.04840948220404741,0,11.16,0,8 0 5,3,0.18091250397818193,0.04840948220404741,0,11.16,0,8 0 5,3,0.18091250397818193,0.04840948220404741,0,11.16,0,5 14,2,0.12379819171637357,0.03573296486346595,0,3.12,0,5 14,2,0.12379819171637357,0.03573296486346595,0,3.12,0,5 14,2,0.12379819171637357,0.03573296486346595,0,3.12,0,11 5,2,0.11830458232788764,0.0491268379172262,0,3.7,0,11 5,2,0.11830458232788764,0.0491268379172262,0,3.7,0,17 5,2,0.11108093407411528,0.023448816540206984,0,1.86,0
20,10,500,40,10,20,1,12,10,17,17,14,12,13,13,18,16,12,12,11,16,13,18,10,12,18,18,0 16 15,3,0.1686551654753659,0.039051805477608455,0,9.46,0,0 16 18,3,0.16929685249039853,0.057171760249731904,0,8.92,0,0 16 18,3,0.16929685249039853,0.057171760249731904,0,8.92,0,0 16 18,3,0.16929685249039853,0.057171760249731904,0,8.92,0,0 16 18,3,0.16929685249039853,0.057171760249731904,0,8.92,0,0 16 18,3,0.16929685249039853,0.057171760249731904,0,8.92,0,0 16 18,3,0.16929685249039853,0.057171760249731904,0,8.92,0,0 16 18,3,0.16929685249039853,0.057171760249731904,0,8.92,0,0 16 18,3,0.16929685249039853,0.057171760249731904,0,8.92,0,0 3 12,3,0.1822798326260822,0.0811491861483071,0,9.91,0,0 16 15,3,0.1686551654753659,0.039051805477608455,0,9.46,0,0 1 18,3,0.16663949540565706,0.05721029554502413,0,8.62,0,0 12 13,3,0.17631294760848315,0.0802268101638198,0,9.79,0,0 11 12,3,0.1799012707485948,0.09181960047531278,0,10.75,0,0 11 12,3,0.1799012707485948,0.09181960047531278,0,10.75,0,0 11 12,3,0.1799012707485948,0.09181960047531278,0,10.75,0,0 11 12,3,0.1799012707485948,0.09181960047531278,0,10.75,0,9 3,2,0.11521339013930129,0.04580897297838277,0,4.12,0,11 3 12,3,0.17449359570068007,0.042467584374284204,0,8.11,0
20,10,500,40,10,20,1,19,19,13,16,18,16,10,14,13,18,18,18,17,19,19,14,11,11,19,13,16 1 6,3,0.17816247781721942,0.06002537583724239,0,11.75,0,3 14,2,0.12407784176622996,0.03736862669127329,0,6.26,0,3 14,2,0.12407784176622996,0.03736862669127329,0,6.26,0,3 14,2,0.12407784176622996,0.03736862669127329,0,6.26,0,3 14,2,0.12407784176622996,0.03736862669127329,0,6.26,0,1 3,2,0.12528668286504607,0.02977910263681275,0,6.07,0,1 3,2,0.12528668286504607,0.02977910263681275,0,6.07,0,1 3,2,0.12528668286504607,0.02977910263681275,0,6.07,0,1 3,2,0.12528668286504607,0.02977910263681275,0,6.07,0,1 3,2,0.12528668286504607,0.02977910263681275,0,6.07,0,1 3,2,0.12528668286504607,0.02977910263681275,0,6.07,0,1 3,2,0.12528668286504607,0.02977910263681275,0,6.07,0,3 14,2,0.12407784176622996,0.03736862669127329,0,6.26,0,1 3,2,0.12528668286504607,0.02977910263681275,0,6.07,0,16 14 6,3,0.17695363671840345,0.059449959177036896,0,11.94,0,16 14 6,3,0.17695363671840345,0.059449959177036896,0,11.94,0,1 14,2,0.12013327209263255,0.03408277881329835,0,2.09,0,11 14,2,0.11134477433784237,0.014151631480435934,0,1.86,0,1 11,2,0.11255361543665844,0.04287358549093517,0,1.67,0
20,10,500,40,10,20,1,10,17,11,11,13,11,14,19,15,10,10,12,19,17,18,11,16,19,17,11,8 11 4,3,0.18591369933666457,0.08443050244649943,0,10.95,0,8 11 4,3,0.18591369933666457,0.08443050244649943,0,10.95,0,11 4 6,3,0.18167096555951506,0.05801044305659622,0,10.75,0,11 4 6,3,0.18167096555951506,0.05801044305659622,0,10.75,0,8 11 4,3,0.18591369933666457,0.08443050244649943,0,10.95,0,8 9 11,3,0.1834495483435729,0.058204406092585585,0,10.14,0,8 9 11,3,0.1834495483435729,0.058204406092585585,0,10.14,0,8 11 4,3,0.18591369933666457,0.08443050244649943,0,10.95,0,8 11 4,3,0.18591369933666457,0.08443050244649943,0,10.95,0,8 11 4,3,0.18591369933666457,0.08443050244649943,0,10.95,0,8 2 11,3,0.18396411730013468,0.08450261015424496,0,9.97,0,8 2 6,3,0.17714661920439942,0.06244184607594977,0,8.33,0,8 2 11,3,0.18396411730013468,0.08450261015424496,0,9.97,0,8 9 11,3,0.1834495483435729,0.058204406092585585,0,10.14,0,8 9 11,3,0.1834495483435729,0.058204406092585585,0,10.14,0,8 9 11,3,0.1834495483435729,0.058204406092585585,0,10.14,0,8 2 11,3,0.18396411730013468,0.08450261015424496,0,9.97,0,8 11 4,3,0.18591369933666457,0.08443050244649943,0,10.95,0,8 2 19,3,0.16963945495908156,0.05944876150808559,0,8.06,0
20,10,500,40,10,20,1,12,14,18,14,17,12,18,19,15,16,14,18,10,12,13,15,15,15,11,14,12 13 6,3,0.1710030560577873,0.06130910655707052,0,8.68,0,12 13 6,3,0.1710030560577873,0.06130910655707052,0,8.68,0,12 13 6,3,0.1710030560577873,0.06130910655707052,0,8.68,0,12 13 6,3,0.1710030560577873,0.06130910655707052,0,8.68,0,8 6,2,0.12648321178065136,0.008283118819068321,0,3.93,0,12 13 6,3,0.1710030560577873,0.06130910655707052,0,8.68,0,8 6,2,0.12648321178065136,0.008283118819068321,0,3.93,0,8 6,2,0.12648321178065136,0.008283118819068321,0,3.93,0,19 6,2,0.12349258155937996,0.053720919105723866,0,4.3,0,19 6,2,0.12349258155937996,0.053720919105723866,0,4.3,0,19 6,2,0.12349258155937996,0.053720919105723866,0,4.3,0,19 6,2,0.12349258155937996,0.053720919105723866,0,4.3,0,12 13 6,3,0.1710030560577873,0.06130910655707052,0,8.68,0,12 13 6,3,0.1710030560577873,0.06130910655707052,0,8.68,0,19 6,2,0.12349258155937996,0.053720919105723866,0,4.3,0,19 6,2,0.12349258155937996,0.053720919105723866,0,4.3,0,19 6,2,0.12349258155937996,0.053720919105723866,0,4.3,0,12 13 6,3,0.1710030560577873,0.06130910655707052,0,8.68,0,12 5 6,3,0.16363868718429395,0.06201146567946335,0,6.64,0
20,10,500,40,10,20,1,13,18,17,10,13,16,15,10,12,11,13,11,13,11,10,17,19,14,13,11,9 4 12,3,0.18579503519947277,0.09616128821878615,0,10.88,0,9 12 4,3,0.18579503519947277,0.09616128821878615,0,10.88,0,9 12 4,3,0.18579503519947277,0.09616128821878615,0,10.88,0,12 7 15,3,0.18021139964911,0.07831541329347078,0,8.97,0,12 7 15,3,0.18021139964911,0.07831541329347078,0,8.97,0,12 7 15,3,0.18021139964911,0.07831541329347078,0,8.97,0,12 7 15,3,0.18021139964911,0.07831541329347078,0,8.97,0,12 7 15,3,0.18021139964911,0.07831541329347078,0,8.97,0,9 10 12,3,0.18533171058221887,0.09155571423115601,0,10.23,0,9 10 12,3,0.18533171058221887,0.09155571423115601,0,10.23,0,9 10 12,3,0.18533171058221887,0.09155571423115601,0,10.23,0,12 7 15,3,0.18021139964911,0.07831541329347078,0,8.97,0,12 7 15,3,0.18021139964911,0.07831541329347078,0,8.97,0,9 18 12,3,0.1831214627231773,0.0539166913307102,0,9.58,0,9 12 7,3,0.18047463186180257,0.0750682762440074,0,9.67,0,9 7 15,3,0.17785946086240068,0.07745551345504367,0,7.76,0,10 7 15,3,0.17565275002711725,0.08195970063403542,0,7.54,0,10 7 15,3,0.17565275002711725,0.08195970063403542,0,7.54,0,9 7 15,3,0.17785946086240068,0.07745551345504367,0,7.76,0
20,10,500,40,10,20,1,15,19,18,15,11,16,19,13,16,11,14,15,11,17,15,16,19,19,16,13,9 19 14,3,0.1713100203677024,0.07181307141312687,0,13.17,0,14 15,2,0.1192354835628897,0.02018446997007458,0,6.01,0,14 15,2,0.1192354835628897,0.02018446997007458,0,6.01,0,14 15,2,0.1192354835628897,0.02018446997007458,0,6.01,0,14 15,2,0.1192354835628897,0.02018446997007458,0,6.01,0,2 15,2,0.11900560837084738,0.01920816217672111,0,3.82,0,2 15,2,0.11900560837084738,0.01920816217672111,0,3.82,0,2 15,2,0.11900560837084738,0.01920816217672111,0,3.82,0,2 10,2,0.11599248778552365,0.012413164336926318,0,4.62,0,10 15,2,0.1181069446112116,0.011609026252197882,0,5.92,0,9 19 15,3,0.17319460200134798,0.07133033270596616,0,12.28,0,10 19 4,3,0.16917393506364703,0.030760165847195587,0,12.53,0,9 10 4,3,0.16433594151443617,0.04861555947323993,0,13.15,0,10 19 4,3,0.16917393506364703,0.030760165847195587,0,12.53,0,8 19 4,3,0.16801681824162706,0.06939628354289902,0,10.93,0,10 19 4,3,0.16917393506364703,0.030760165847195587,0,12.53,0,8 19 4,3,0.16801681824162706,0.06939628354289902,0,10.93,0,8 10,2,0.11393670720386785,0.03466310719594316,0,5.12,0,8 2,2,0.11483537096350359,0.031759236736277674,0,3.02,0
20,10,500,40,10,20,1,13,17,15,11,17,18,15,11,13,10,10,18,15,11,16,17,19,12,10,13,8 18 19,3,0.17879412174970122,0.03433809781305075,0,10.8,0,8 18 19,3,0.17879412174970122,0.03433809781305075,0,10.8,0,8 1 18,3,0.18056902492235938,0.04589879107513889,0,10.58,0,8 1 18,3,0.18056902492235938,0.04589879107513889,0,10.58,0,8 1 18,3,0.18056902492235938,0.04589879107513889,0,10.58,0,8 1 18,3,0.18056902492235938,0.04589879107513889,0,10.58,0,8 1 18,3,0.18056902492235938,0.04589879107513889,0,10.58,0,8 1 18,3,0.18056902492235938,0.04589879107513889,0,10.58,0,8 1 18,3,0.18056902492235938,0.04589879107513889,0,10.58,0,8 18 19,3,0.17879412174970122,0.03433809781305075,0,10.8,0,8 18 19,3,0.17879412174970122,0.03433809781305075,0,10.8,0,8 18 6,3,0.18199680303344873,0.05798572065053967,0,10.3,0,8 18 6,3,0.18199680303344873,0.05798572065053967,0,10.3,0,8 18 6,3,0.18199680303344873,0.05798572065053967,0,10.3,0,8 18 6,3,0.18199680303344873,0.05798572065053967,0,10.3,0,8 16,2,0.1209100813704807,0.06113312080556354,0,5.04,0,8 18 13,3,0.17674995230568047,0.026077844955970632,0,10.95,0,8 18 6,3,0.18199680303344873,0.05798572065053967,0,10.3,0,8 18 13,3,0.17674995230568047,0.026077844955970632,0,10.95,0
20,10,500,40,10,20,1,13,11,12,18,12,15,16,15,11,15,10,13,17,10,15,17,12,11,19,11,17 2 9,3,0.1861048539617761,0.06846945684223152,0,10.54,0,9 2 17,3,0.1861048539617761,0.06846945684223152,0,10.54,0,8 9 17,3,0.18833436879141532,0.06796572788789554,0,10.38,0,8 9 17,3,0.18833436879141532,0.06796572788789554,0,10.38,0,8 17 9,3,0.18833436879141532,0.06796572788789554,0,10.38,0,8 17 9,3,0.18833436879141532,0.06796572788789554,0,10.38,0,8 17 9,3,0.18833436879141532,0.06796572788789554,0,10.38,0,17 10 9,3,0.18373215053317754,0.09826102230271935,0,9.8,0,8 9 17,3,0.18833436879141532,0.06796572788789554,0,10.38,0,9 10 17,3,0.18373215053317754,0.09826102230271935,0,9.8,0,8 9 17,3,0.18833436879141532,0.06796572788789554,0,10.38,0,9 10 17,3,0.18373215053317754,0.09826102230271935,0,9.8,0,8 9 17,3,0.18833436879141532,0.06796572788789554,0,10.38,0,9 2 17,3,0.1861048539617761,0.06846945684223152,0,10.54,0,17 2 9,3,0.1861048539617761,0.06846945684223152,0,10.54,0,17 2 9,3,0.1861048539617761,0.06846945684223152,0,10.54,0,9 10 17,3,0.18373215053317754,0.09826102230271935,0,9.8,0,8 9 17,3,0.18833436879141532,0.06796572788789554,0,10.38,0,8 9 0,3,0.17542204099812939,0.04661816877532095,0,8.61,0
20,10,500,40,10,20,1,14,12,15,10,13,11,11,16,10,11,12,12,13,13,13,14,19,16,12,12,8 2 4,3,0.18035106282766672,0.09095789668523008,0,8.44,0,8 9 4,3,0.1791746130997681,0.08654367039787325,0,8.64,0,8 4 6,3,0.1773252364769962,0.0879485103434775,0,8.31,0,8 9 6,3,0.176779829746979,0.07195429069745764,0,8.07,0,8 0 6,3,0.17429087166445117,0.08411233996885523,0,7.7,0,0 9 2,3,0.17438971315171287,0.04108263128385485,0,7.68,0,8 9 2,3,0.17980565609764956,0.07448055818227639,0,8.2,0,9 2 4,3,0.17742407796425794,0.08063205927433117,0,8.29,0,8 9 2,3,0.17980565609764956,0.07448055818227639,0,8.2,0,0 9 2,3,0.17438971315171287,0.04108263128385485,0,7.68,0,9 4 7,3,0.17114958774868116,0.05403234801662868,0,7.98,0,8 9 4,3,0.1791746130997681,0.08654367039787325,0,8.64,0,9 2 4,3,0.17742407796425794,0.08063205927433117,0,8.29,0,8 2 4,3,0.18035106282766672,0.09095789668523008,0,8.44,0,8 9 2,3,0.17980565609764956,0.07448055818227639,0,8.2,0,8 2 4,3,0.18035106282766672,0.09095789668523008,0,8.44,0,8 2 4,3,0.18035106282766672,0.09095789668523008,0,8.44,0,8 9 4,3,0.1791746130997681,0.08654367039787325,0,8.64,0,8 2 4,3,0.18035106282766672,0.09095789668523008,0,8.44,0
20,10,500,40,10,20,1,13,18,13,12,11,18,18,11,13,17,13,12,10,17,14,11,18,17,17,13,1 19,2,0.11907090888857079,0.03140058097125528,0,5.6,0,1 5,2,0.11751917872836576,0.01281152596556455,0,2.34,0,1 19,2,0.11907090888857079,0.03140058097125528,0,5.6,0,19 5,2,0.1228091760984204,0.04710861323082878,0,5.06,0,19 12 13,3,0.171420046307952,0.0814393447893875,0,9.39,0,19 12 13,3,0.171420046307952,0.0814393447893875,0,9.39,0,19 12 13,3,0.171420046307952,0.0814393447893875,0,9.39,0,19 12 13,3,0.171420046307952,0.0814393447893875,0,9.39,0,19 5,2,0.1228091760984204,0.04710861323082878,0,5.06,0,9 5,2,0.11992673305361454,0.032633228659798286,0,2.94,0,9 5,2,0.11992673305361454,0.032633228659798286,0,2.94,0,9 5,2,0.11992673305361454,0.032633228659798286,0,2.94,0,9 5,2,0.11992673305361454,0.032633228659798286,0,2.94,0,9 5,2,0.11992673305361454,0.032633228659798286,0,2.94,0,9 19 12,3,0.17171629256136584,0.05664321023842795,0,9.9,0,9 19 12,3,0.17171629256136584,0.05664321023842795,0,9.9,0,19 5,2,0.1228091760984204,0.04710861323082878,0,5.06,0,9 19 12,3,0.17171629256136584,0.05664321023842795,0,9.9,0,19 6,2,0.11711039327220535,0.0322806924330022,0,4.88,0
20,10,500,40,10,20,1,11,17,19,16,19,16,13,12,19,11,18,16,13,10,12,18,10,16,16,19,0 11 7,3,0.1837652676112965,0.02779514617784537,0,11.84,0,0 9 7,3,0.1780276097284476,0.028061310377316528,0,12.87,0,0 11 7,3,0.1837652676112965,0.02779514617784537,0,11.84,0,0 8 13,3,0.16817719786797866,0.03342677313300488,0,8.88,0,0 8 13,3,0.16817719786797866,0.03342677313300488,0,8.88,0,0 11 7,3,0.1837652676112965,0.02779514617784537,0,11.84,0,0 11 7,3,0.1837652676112965,0.02779514617784537,0,11.84,0,11 5,2,0.11952005379871508,0.011603803839766213,0,5.6,0,8 5,2,0.1182946606359167,0.023013012762558113,0,3.7,0,8 17,2,0.1163568898776651,0.02153149595003291,0,3.54,0,11 5,2,0.11952005379871508,0.011603803839766213,0,5.6,0,17 11,2,0.11758228304046348,0.016823053764632324,0,5.44,0,0 9 11,3,0.17762711073617563,0.005823715833640655,0,11.95,0,17 11,2,0.11758228304046348,0.016823053764632324,0,5.44,0,0 17 7,3,0.1807968252624077,0.0740862558809151,0,11.2,0,0 17 7,3,0.1807968252624077,0.0740862558809151,0,11.2,0,0 11 7,3,0.1837652676112965,0.02779514617784537,0,11.84,0,0 18 7,3,0.1788948583027336,0.054480921314904396,0,10.24,0,0 18 7,3,0.1788948583027336,0.054480921314904396,0,10.24,0
20,10,500,40,10,20,1,17,10,15,14,11,19,18,16,10,12,16,16,17,12,16,12,17,16,12,11,17 14,2,0.12067994831786447,0.035974780054204215,0,5.76,0,17 14,2,0.12067994831786447,0.035974780054204215,0,5.76,0,14 7,2,0.11953646009123448,0.01757159337704581,0,4.96,0,14 7,2,0.11953646009123448,0.01757159337704581,0,4.96,0,16 4 13,3,0.1719364430255514,0.041858715837299346,0,9.98,0,16 4 13,3,0.1719364430255514,0.041858715837299346,0,9.98,0,4 13 14,3,0.17396929178010903,0.06091840827678237,0,11.49,0,4 13 14,3,0.17396929178010903,0.06091840827678237,0,11.49,0,4 13 7,3,0.17194358339686378,0.0397371502171973,0,10.37,0,16 7,2,0.1175036113366768,0.020424603534348343,0,3.45,0,16 7,2,0.1175036113366768,0.020424603534348343,0,3.45,0,14 7,2,0.11953646009123448,0.01757159337704581,0,4.96,0,14 7,2,0.11953646009123448,0.01757159337704581,0,4.96,0,11 14,2,0.12023393851072463,0.04099641973731579,0,4.64,0,11 14,2,0.12023393851072463,0.04099641973731579,0,4.64,0,17 14,2,0.12067994831786447,0.035974780054204215,0,5.76,0,17 14,2,0.12067994831786447,0.035974780054204215,0,5.76,0,11 14,2,0.12023393851072463,0.04099641973731579,0,4.64,0,17 11,2,0.1193517183541094,0.037416495073090514,0,4.32,0
20,10,500,40,10,20,1,16,11,18,14,19,18,17,17,15,13,11,10,16,14,12,19,16,11,18,11,10 14 7,3,0.1789741757931755,0.07893882127020652,0,11.42,0,9 11 7,3,0.16980156901595783,0.07243274143735505,0,10.52,0,9 11 7,3,0.16980156901595783,0.07243274143735505,0,10.52,0,9 11 7,3,0.16980156901595783,0.07243274143735505,0,10.52,0,9 11 7,3,0.16980156901595783,0.07243274143735505,0,10.52,0,9 11 7,3,0.16980156901595783,0.07243274143735505,0,10.52,0,9 11 7,3,0.16980156901595783,0.07243274143735505,0,10.52,0,9 11 7,3,0.16980156901595783,0.07243274143735505,0,10.52,0,9 11 7,3,0.16980156901595783,0.07243274143735505,0,10.52,0,9 11 7,3,0.16980156901595783,0.07243274143735505,0,10.52,0,9 11 7,3,0.16980156901595783,0.07243274143735505,0,10.52,0,17 10 7,3,0.1804172368702342,0.047693727128735,0,11.43,0,17 10 7,3,0.1804172368702342,0.047693727128735,0,11.43,0,17 14 7,3,0.17998872875540414,0.06970959288343281,0,11.09,0,17 14 7,3,0.17998872875540414,0.06970959288343281,0,11.09,0,17 14 7,3,0.17998872875540414,0.06970959288343281,0,11.09,0,9 11 7,3,0.16980156901595783,0.07243274143735505,0,10.52,0,17 14 7,3,0.17998872875540414,0.06970959288343281,0,11.09,0,17 14 7,3,0.17998872875540414,0.06970959288343281,0,11.09,0
20,10,500,40,10,20,1,11,13,15,16,15,19,14,11,16,12,18,16,18,13,17,13,17,18,14,18,5 7,2,0.11603383189820138,0.008699325688545366,0,4.81,0,2 5,2,0.12704952861676225,0.05687428567263309,0,3.79,0,9 2 15,3,0.18242802743762138,0.060719549545685064,0,14.16,0,9 2 15,3,0.18242802743762138,0.060719549545685064,0,14.16,0,9 2 15,3,0.18242802743762138,0.060719549545685064,0,14.16,0,9 2 15,3,0.18242802743762138,0.060719549545685064,0,14.16,0,18 2 7,3,0.17593806894864264,0.09466181469175292,0,11.58,0,9 18 15,3,0.1813006753913402,0.06430667244488446,0,13.92,0,9 2 15,3,0.18242802743762138,0.060719549545685064,0,14.16,0,2 5,2,0.12704952861676225,0.05687428567263309,0,3.79,0,18 5,2,0.1259221765704811,0.04963172624197527,0,3.55,0,9 18 15,3,0.1813006753913402,0.06430667244488446,0,13.92,0,9 18 15,3,0.1813006753913402,0.06430667244488446,0,13.92,0,18 5,2,0.1259221765704811,0.04963172624197527,0,3.55,0,9 5,2,0.12788133658064713,0.029423457863600865,0,6.07,0,9 18 13,3,0.17816316433220236,0.09060954715179309,0,12.62,0,9 5,2,0.12788133658064713,0.029423457863600865,0,6.07,0,9 5,2,0.12788133658064713,0.029423457863600865,0,6.07,0,9 5,2,0.12788133658064713,0.029423457863600865,0,6.07,0
20,10,500,40,10,20,1,18,12,17,18,16,15,18,14,17,12,10,16,15,19,13,18,19,14,19,15,1 10 6,3,0.18825072330022016,0.05346124503700511,0,16.3,0,1 10 6,3,0.18825072330022016,0.05346124503700511,0,16.3,0,1 10 6,3,0.18825072330022016,0.05346124503700511,0,16.3,0,1 10 6,3,0.18825072330022016,0.05346124503700511,0,16.3,0,1 10 6,3,0.18825072330022016,0.05346124503700511,0,16.3,0,1 10 6,3,0.18825072330022016,0.05346124503700511,0,16.3,0,1 10 6,3,0.18825072330022016,0.05346124503700511,0,16.3,0,1 10 6,3,0.18825072330022016,0.05346124503700511,0,16.3,0,1 10 6,3,0.18825072330022016,0.05346124503700511,0,16.3,0,1 10 6,3,0.18825072330022016,0.05346124503700511,0,16.3,0,1 10 6,3,0.18825072330022016,0.05346124503700511,0,16.3,0,1 10 6,3,0.18825072330022016,0.05346124503700511,0,16.3,0,1 10 6,3,0.18825072330022016,0.05346124503700511,0,16.3,0,1 10 6,3,0.18825072330022016,0.05346124503700511,0,16.3,0,0 6,2,0.1241749536438353,0.048842354832356244,0,4.5,0,16 6,2,0.1241944948907309,0.05298124188230354,0,3.08,0,16 6,2,0.1241944948907309,0.05298124188230354,0,3.08,0,11 6,2,0.1266744794438233,0.030181928796531116,0,4.62,0,1 10 6,3,0.18825072330022016,0.05346124503700511,0,16.3,0
20,10,500,40,10,20,1,18,18,18,11,11,19,17,16,13,12,10,14,13,14,15,10,10,17,13,12,10 11 4,3,0.17761135100481326,0.038771829213698365,0,10.23,0,18 11 4,3,0.1831037166551052,0.07459638649855567,0,10.34,0,10 11 4,3,0.17761135100481326,0.038771829213698365,0,10.23,0,18 11 4,3,0.1831037166551052,0.07459638649855567,0,10.34,0,18 11 4,3,0.1831037166551052,0.07459638649855567,0,10.34,0,18 11 4,3,0.1831037166551052,0.07459638649855567,0,10.34,0,10 18 11,3,0.18057640135138278,0.07323231827542626,0,10.55,0,18 11 4,3,0.1831037166551052,0.07459638649855567,0,10.34,0,18 11 4,3,0.1831037166551052,0.07459638649855567,0,10.34,0,18 11 4,3,0.1831037166551052,0.07459638649855567,0,10.34,0,18 11 4,3,0.1831037166551052,0.07459638649855567,0,10.34,0,19 18 11,3,0.18245538852225757,0.0933868016529953,0,9.91,0,19 18 11,3,0.18245538852225757,0.0933868016529953,0,9.91,0,11 18 19,3,0.18245538852225757,0.09338680165299529,0,9.91,0,19 18 11,3,0.18245538852225757,0.0933868016529953,0,9.91,0,11 18 19,3,0.18245538852225757,0.09338680165299529,0,9.91,0,19 18 11,3,0.18245538852225757,0.0933868016529953,0,9.91,0,11 18 19,3,0.18245538852225757,0.09338680165299529,0,9.91,0,16 18 4,3,0.17638929185333674,0.07663731512663924,0,9.5,0
20,10,500,40,10,20,1,17,14,12,15,15,12,12,17,11,13,12,13,14,13,12,19,10,17,15,13,8 16 15,3,0.1691570121745359,0.08034836399733908,0,6.21,0,7 15,2,0.1270654095123151,0.03261528927431693,0,2.42,0,15 7,2,0.1270654095123151,0.03261528927431693,0,2.42,0,16 19 7,3,0.17262415067863096,0.09364823740819203,0,9.11,0,19 15,2,0.12570597487232676,0.056258009721614606,0,4.15,0,19 15,2,0.12570597487232676,0.056258009721614606,0,4.15,0,19 15,2,0.12570597487232676,0.056258009721614606,0,4.15,0,19 15,2,0.12570597487232676,0.056258009721614606,0,4.15,0,7 15,2,0.1270654095123151,0.03261528927431693,0,2.42,0,7 15,2,0.1270654095123151,0.03261528927431693,0,2.42,0,7 15,2,0.1270654095123151,0.03261528927431693,0,2.42,0,7 15,2,0.1270654095123151,0.03261528927431693,0,2.42,0,3 15,2,0.12348933384625628,0.01396455815676722,0,2.93,0,3 15,2,0.12348933384625628,0.01396455815676722,0,2.93,0,19 15,2,0.12570597487232676,0.056258009721614606,0,4.15,0,19 15,2,0.12570597487232676,0.056258009721614606,0,4.15,0,19 15,2,0.12570597487232676,0.056258009721614606,0,4.15,0,19 15,2,0.12570597487232676,0.056258009721614606,0,4.15,0,16 2 3,3,0.1661860105321205,0.08242104664454321,0,9.33,0
20,10,500,40,10,20,1,16,15,13,16,11,14,16,17,15,15,18,17,19,12,16,16,11,18,10,12,16 19 3,3,0.17545410192602476,0.09571497542145573,0,12.39,0,11 3,2,0.11637228027614663,0.02440925762881142,0,4.92,0,16 19 3,3,0.17545410192602476,0.09571497542145573,0,12.39,0,16 9 19,3,0.1753125721463012,0.07023831175216538,0,11.91,0,16 9 19,3,0.1753125721463012,0.07023831175216538,0,11.91,0,16 19 11,3,0.1758439330040928,0.06520006458629891,0,11.55,0,16 9 19,3,0.1753125721463012,0.07023831175216538,0,11.91,0,16 9 19,3,0.1753125721463012,0.07023831175216538,0,11.91,0,11 16 19,3,0.1758439330040928,0.06520006458629891,0,11.55,0,16 9 19,3,0.1753125721463012,0.07023831175216538,0,11.91,0,16 19 11,3,0.1758439330040928,0.06520006458629891,0,11.55,0,16 19 11,3,0.1758439330040928,0.06520006458629891,0,11.55,0,16 19 11,3,0.1758439330040928,0.06520006458629891,0,11.55,0,10 11,2,0.11194516268561755,0.019304658729766035,0,2.04,0,10 11,2,0.11194516268561755,0.019304658729766035,0,2.04,0,10 3,2,0.11155533160754953,0.014787234870424285,0,2.88,0,9 3,2,0.11584091941835505,0.024349533142857118,0,5.28,0,9 3,2,0.11584091941835505,0.024349533142857118,0,5.28,0,3 14,2,0.11269595186481153,0.022187508358778977,0,4.32,0
20,10,500,40,10,20,1,14,13,12,11,18,18,17,16,19,18,18,12,15,18,10,14,19,10,13,15,16 9,2,0.11650726587267593,0.042271876008149696,0,4.04,0,17 9 14,3,0.18270219974330787,0.05544812277053011,0,11.42,0,9 3 14,3,0.18530861785922312,0.07517499636204804,0,12.18,0,9 3 17,3,0.18430758038964387,0.08321506872919776,0,11.88,0,9 3 14,3,0.18530861785922312,0.07517499636204804,0,12.18,0,9 3 14,3,0.18530861785922312,0.07517499636204804,0,12.18,0,9 3 14,3,0.18530861785922312,0.07517499636204804,0,12.18,0,9 3 14,3,0.18530861785922312,0.07517499636204804,0,12.18,0,9 3 14,3,0.18530861785922312,0.07517499636204804,0,12.18,0,9 3 14,3,0.18530861785922312,0.07517499636204804,0,12.18,0,17 3 14,3,0.18393504847403663,0.08542345043319255,0,13.96,0,19 3 14,3,0.18080434256175748,0.06396616382967601,0,12.06,0,9 3 17,3,0.18430758038964387,0.08321506872919776,0,11.88,0,9 3 17,3,0.18430758038964387,0.08321506872919776,0,11.88,0,19 17 3,3,0.17980330509217826,0.05124129711150583,0,11.76,0,3 17 19,3,0.17980330509217826,0.05124129711150584,0,11.76,0,9 3 17,3,0.18430758038964387,0.08321506872919776,0,11.88,0,3 19 14,3,0.18080434256175748,0.06396616382967601,0,12.06,0,8 3 14,3,0.17789552659223914,0.10099461013385264,0,10.61,0
20,10,500,40,10,20,1,13,13,10,15,16,12,14,17,15,10,12,13,15,10,14,17,19,15,12,16,0 1 11,3,0.18701900514534195,0.07963177957651046,0,11.18,0,0 1 11,3,0.18701900514534195,0.07963177957651046,0,11.18,0,0 1 13,3,0.18041551605884776,0.07941829763009833,0,11.12,0,0 8 13,3,0.1807075191971321,0.08270905773878773,0,10.44,0,0 8 10,3,0.18244739186347084,0.05168095929487073,0,10.88,0,0 8 10,3,0.18244739186347084,0.05168095929487073,0,10.88,0,0 8 10,3,0.18244739186347084,0.05168095929487073,0,10.88,0,0 8 10,3,0.18244739186347084,0.05168095929487073,0,10.88,0,0 2 3,3,0.18354623211031146,0.060685844606822185,0,11.14,0,0 2 3,3,0.18354623211031146,0.060685844606822185,0,11.14,0,0 2 3,3,0.18354623211031146,0.060685844606822185,0,11.14,0,0 2 3,3,0.18354623211031146,0.060685844606822185,0,11.14,0,0 2 3,3,0.18354623211031146,0.060685844606822185,0,11.14,0,1 2 3,3,0.1787615509256896,0.04699735593226074,0,9.58,0,1 2 3,3,0.1787615509256896,0.04699735593226074,0,9.58,0,1 10 3,3,0.1789539075813064,0.059521456603432,0,9.92,0,0 1 11,3,0.18701900514534195,0.07963177957651046,0,11.18,0,1 10 3,3,0.1789539075813064,0.059521456603432,0,9.92,0,8 1 10,3,0.17766271067884895,0.08227636631585367,0,9.32,0
20,10,500,40,10,20,1,19,11,12,14,16,15,10,15,17,18,14,14,17,12,12,13,19,18,12,11,8 1 2,3,0.17036935755741134,0.04995721828317653,0,8.89,0,8 1 2,3,0.17036935755741134,0.04995721828317653,0,8.89,0,2 3 15,3,0.1740111528027697,0.07962967521956893,0,9.67,0,17 15,2,0.11605526455901584,0.04025424833286477,0,4.07,0,3 4 6,3,0.155622317915003,0.03273481059400984,0,7.56,0,0 17,2,0.11568749711355614,0.014342866093898492,0,1.84,0,0 15,2,0.11283750087988423,0.007474921440097954,0,3.75,0,0 17,2,0.11568749711355614,0.014342866093898492,0,1.84,0,0 17,2,0.11568749711355614,0.014342866093898492,0,1.84,0,17 15,2,0.11605526455901584,0.04025424833286477,0,4.07,0,17 2 6,3,0.16157012214638833,0.053097703542633476,0,7.08,0,17 15,2,0.11605526455901584,0.04025424833286477,0,4.07,0,17 15,2,0.11605526455901584,0.04025424833286477,0,4.07,0,2 19 4,3,0.17030245092531687,0.05832094606376916,0,9.97,0,8 2 19,3,0.17060065414465853,0.062071017119405936,0,10.1,0,0 17,2,0.11568749711355614,0.014342866093898492,0,1.84,0,0 17,2,0.11568749711355614,0.014342866093898492,0,1.84,0,17 2 6,3,0.16157012214638833,0.053097703542633476,0,7.08,0,17 3,2,0.11704864962611193,0.03893483103479708,0,4.16,0
20,10,500,40,10,20,1,12,16,10,13,13,17,17,10,19,12,14,14,12,16,17,12,14,19,19,11,0 10 12,3,0.1759088590604712,0.059598665703395295,0,11.66,0,0 10 7,3,0.17005941621389883,0.034234951652081645,0,11.58,0,0 10 4,3,0.17265803767676782,0.05614154873415628,0,11.43,0,0 13 7,3,0.17445166333764126,0.05701823725210497,0,11.12,0,0 12 4,3,0.1789753589393215,0.06900635146899882,0,11.41,0,0 18,2,0.11795004856069335,0.006618788477084263,0,5.06,0,0 18,2,0.11795004856069335,0.006618788477084263,0,5.06,0,0 4 12,3,0.17897535893932154,0.06900635146899882,0,11.41,0,0 12 4,3,0.1789753589393215,0.06900635146899882,0,11.41,0,0 12 13,3,0.18030110618421363,0.0746115598671311,0,11.2,0,0 12 4,3,0.1789753589393215,0.06900635146899882,0,11.41,0,0 18,2,0.11795004856069335,0.006618788477084263,0,5.06,0,4 13 7,3,0.1722762141382831,0.08697424241578088,0,9.69,0,9 12 13,3,0.17338458907972273,0.06477817279496324,0,8.8,0,9 12 13,3,0.17338458907972273,0.06477817279496324,0,8.8,0,0 12 13,3,0.18030110618421363,0.0746115598671311,0,11.2,0,9 12 13,3,0.17338458907972273,0.06477817279496324,0,8.8,0,0 12 13,3,0.18030110618421363,0.0746115598671311,0,11.2,0,9 12 13,3,0.17338458907972273,0.06477817279496324,0,8.8,0
20,10,500,40,10,20,1,19,17,10,11,11,19,13,10,18,17,12,14,16,14,15,18,14,11,16,17,1 2 7,3,0.17388348665902548,0.03982612883245122,0,10.54,0,0 1,2,0.1209243774255493,0.025146812794196644,0,3.75,0,0 2 7,3,0.17669354192380526,0.04953966081813187,0,10.21,0,0 1,2,0.1209243774255493,0.025146812794196644,0,3.75,0,0 1,2,0.1209243774255493,0.025146812794196644,0,3.75,0,0 1,2,0.1209243774255493,0.025146812794196644,0,3.75,0,0 1,2,0.1209243774255493,0.025146812794196644,0,3.75,0,0 2 7,3,0.17669354192380526,0.04953966081813187,0,10.21,0,0 2 7,3,0.17669354192380526,0.04953966081813187,0,10.21,0,1 6 7,3,0.17181925640044185,0.08828272154607882,0,9.46,0,0 2 7,3,0.17669354192380526,0.04953966081813187,0,10.21,0,0 12,2,0.11797599052735187,0.03515557266001414,0,4.43,0,12 6 7,3,0.16887086950224436,0.07848074236922427,0,10.14,0,1 12,2,0.11516593526257203,0.008995000183566366,0,4.76,0,0 1,2,0.1209243774255493,0.025146812794196644,0,3.75,0,0 1,2,0.1209243774255493,0.025146812794196644,0,3.75,0,0 2 7,3,0.17669354192380526,0.04953966081813187,0,10.21,0,0 16,2,0.11582314127529918,0.01931875267983915,0,3.81,0,0 6,2,0.11646772653286971,0.043606672447525155,0,4.83,0
20,10,500,40,10,20,1,11,19,18,16,19,12,13,15,13,15,13,10,16,12,13,10,18,17,14,14,9 15 7,3,0.18841236068196757,0.06671364807694515,0,12.6,0,9 15 7,3,0.18841236068196757,0.06671364807694515,0,12.6,0,9 15 7,3,0.18841236068196757,0.06671364807694515,0,12.6,0,9 15 7,3,0.18841236068196757,0.06671364807694515,0,12.6,0,1 7,2,0.1275388333049886,0.0478636463059403,0,5.26,0,1 7,2,0.1275388333049886,0.0478636463059403,0,5.26,0,1 7,2,0.1275388333049886,0.0478636463059403,0,5.26,0,1 7,2,0.1275388333049886,0.0478636463059403,0,5.26,0,1 7,2,0.1275388333049886,0.0478636463059403,0,5.26,0,1 7,2,0.1275388333049886,0.0478636463059403,0,5.26,0,9 15 7,3,0.18841236068196757,0.06671364807694515,0,12.6,0,1 7,2,0.1275388333049886,0.0478636463059403,0,5.26,0,1 7,2,0.1275388333049886,0.0478636463059403,0,5.26,0,9 15 7,3,0.18841236068196757,0.06671364807694515,0,12.6,0,15 14 7,3,0.1799006019020355,0.07247170495889566,0,11.22,0,1 7,2,0.1275388333049886,0.0478636463059403,0,5.26,0,15 13 7,3,0.18147088719377927,0.06618918938735296,0,11.34,0,9 13 15,3,0.1794276072840967,0.05423367091693016,0,11.34,0,1 11 15,3,0.16767562292262092,0.03149722823487223,0,6.66,0
20,10,500,40,10,20,1,10,17,17,15,17,15,16,14,13,14,14,13,19,10,14,17,12,13,13,11,2 18 13,3,0.18179477900667484,0.06234323033416834,0,11.74,0,2 11 13,3,0.1830881449146827,0.0809206937503111,0,11.74,0,2 11 13,3,0.1830881449146827,0.0809206937503111,0,11.74,0,9 2,2,0.11856248949690981,0.0075880417541669505,0,5.35,0,2 11 13,3,0.1830881449146827,0.0809206937503111,0,11.74,0,2 11 13,3,0.1830881449146827,0.0809206937503111,0,11.74,0,2 11 13,3,0.1830881449146827,0.0809206937503111,0,11.74,0,2 18 13,3,0.18179477900667484,0.06234323033416834,0,11.74,0,18 2 13,3,0.18179477900667484,0.06234323033416834,0,11.74,0,18 2 13,3,0.18179477900667484,0.06234323033416834,0,11.74,0,17 18 11,3,0.17592339807063284,0.04618516396018914,0,11.44,0,17 18 13,3,0.17737411719293722,0.05507941283492675,0,12.05,0,17 18 13,3,0.17737411719293722,0.05507941283492675,0,12.05,0,17 18 13,3,0.17737411719293722,0.05507941283492675,0,12.05,0,18 11 13,3,0.1812028438518578,0.07345099097485233,0,13.48,0,11 4 13,3,0.18081073128502148,0.05052202894335649,0,10.38,0,18 11 13,3,0.1812028438518578,0.07345099097485233,0,13.48,0,18 2 13,3,0.18179477900667484,0.06234323033416834,0,11.74,0,18 13 6,3,0.17541943690378745,0.07483475132284649,0,10.79,0
20,10,500,40,10,20,1,17,19,14,13,11,14,14,19,15,10,13,18,12,11,17,13,11,17,16,18,17 6,2,0.1220908807207336,0.028699848077397477,0,6.62,0,17 14,2,0.12650528157638705,0.03029322144151767,0,5.27,0,17 14,2,0.12650528157638705,0.03029322144151767,0,5.27,0,17 14,2,0.12650528157638705,0.03029322144151767,0,5.27,0,17 14,2,0.12650528157638705,0.03029322144151767,0,5.27,0,17 14,2,0.12650528157638705,0.03029322144151767,0,5.27,0,16 17 13,3,0.18393943859199868,0.060545208269787085,0,11.21,0,17 14,2,0.12650528157638705,0.03029322144151767,0,5.27,0,17 14,2,0.12650528157638705,0.03029322144151767,0,5.27,0,17 14,2,0.12650528157638705,0.03029322144151767,0,5.27,0,17 14,2,0.12650528157638705,0.03029322144151767,0,5.27,0,17 14,2,0.12650528157638705,0.03029322144151767,0,5.27,0,16 17 13,3,0.18393943859199868,0.060545208269787085,0,11.21,0,16 17 13,3,0.18393943859199868,0.060545208269787085,0,11.21,0,16 17 13,3,0.18393943859199868,0.060545208269787085,0,11.21,0,16 17 4,3,0.17915698411291864,0.086171546421529,0,11.1,0,17 6,2,0.1220908807207336,0.028699848077397477,0,6.62,0,17 7,2,0.11861048327621822,0.05098036735299462,0,3.59,0,17 7,2,0.11861048327621822,0.05098036735299462,0,3.59,0
20,10,500,40,10,20,1,11,15,13,17,12,14,10,14,12,16,11,15,13,13,12,16,14,10,14,19,13 12 5,3,0.1805684188037255,0.10057348986102299,0,10.5,0,4 12 5,3,0.18237982368671854,0.07618763086412046,0,10.99,0,5 12 4,3,0.18237982368671854,0.07618763086412046,0,10.99,0,13 12 4,3,0.18117733090779095,0.07227215939270934,0,10.76,0,18 12 13,3,0.17982521665102788,0.07742121980973468,0,10.08,0,5 12 13,3,0.1805684188037255,0.10057348986102299,0,10.5,0,13 12 4,3,0.18117733090779095,0.07227215939270934,0,10.76,0,13 12 4,3,0.18117733090779095,0.07227215939270934,0,10.76,0,18 12 4,3,0.18163662153402096,0.06706460029555814,0,10.57,0,18 12 4,3,0.18163662153402096,0.06706460029555814,0,10.57,0,18 10 12,3,0.1740017128572199,0.05776186983939831,0,9.29,0,10 12 4,3,0.17535382711398298,0.04833122318803719,0,9.97,0,18 12 4,3,0.18163662153402096,0.06706460029555814,0,10.57,0,18 10 12,3,0.1740017128572199,0.05776186983939831,0,9.29,0,4 12 5,3,0.18237982368671854,0.07618763086412046,0,10.99,0,18 4 5,3,0.17634867457452139,0.0699727417586647,0,9.5,0,18 4 14,3,0.17002479132345047,0.046446539021862264,0,8.44,0,4 5 14,3,0.17076799347614802,0.07737794237239981,0,8.86,0,1 10 5,3,0.1611658539179032,0.053541224828008147,0,7.37,0
20,10,500,40,10,20,1,15,15,16,12,15,15,15,16,17,11,19,15,18,12,11,12,13,14,15,11,16 4 15,3,0.1739612190400377,0.0791513112799293,0,10.55,0,16 4 15,3,0.1739612190400377,0.0791513112799293,0,10.55,0,16 19 4,3,0.17966344439011056,0.06894128113740539,0,11.88,0,16 19 4,3,0.17966344439011056,0.06894128113740539,0,11.88,0,16 2 19,3,0.1819574745606947,0.09485897700588497,0,11.26,0,16 2 19,3,0.1819574745606947,0.09485897700588497,0,11.26,0,16 2 19,3,0.1819574745606947,0.09485897700588497,0,11.26,0,16 2 19,3,0.1819574745606947,0.09485897700588497,0,11.26,0,16 2 19,3,0.1819574745606947,0.09485897700588497,0,11.26,0,16 2 19,3,0.1819574745606947,0.09485897700588497,0,11.26,0,16 2 19,3,0.1819574745606947,0.09485897700588497,0,11.26,0,16 2 19,3,0.1819574745606947,0.09485897700588497,0,11.26,0,16 2 19,3,0.1819574745606947,0.09485897700588497,0,11.26,0,16 2 19,3,0.1819574745606947,0.09485897700588497,0,11.26,0,16 2 19,3,0.1819574745606947,0.09485897700588497,0,11.26,0,16 19 13,3,0.173059589352535,0.041102873223530505,0,12.42,0,16 2 14,3,0.17719840454483646,0.05790062323980313,0,10.6,0,16 0 14,3,0.16911242842215352,0.058262455596288995,0,10.47,0,19 4 13,3,0.16679138321102133,0.08226888515090569,0,9.79,0
20,10,500,40,10,20,1,10,10,10,19,12,13,18,14,16,11,17,12,12,17,16,14,14,10,18,14,0 9 11,3,0.1828300159877378,0.07393740419279816,0,11.25,0,0 9 4,3,0.18135557591865134,0.07151148611882382,0,11.25,0,0 9 11,3,0.1828300159877378,0.07393740419279816,0,11.25,0,0 11 4,3,0.18244737196447908,0.0692114210402055,0,11.68,0,0 9 11,3,0.1828300159877378,0.07393740419279816,0,11.25,0,0 9 11,3,0.1828300159877378,0.07393740419279816,0,11.25,0,0 11 4,3,0.18244737196447908,0.0692114210402055,0,11.68,0,0 9 11,3,0.1828300159877378,0.07393740419279816,0,11.25,0,9 11 4,3,0.18134322769883343,0.0965939039055714,0,11.09,0,0 11 4,3,0.18244737196447908,0.0692114210402055,0,11.68,0,0 11 4,3,0.18244737196447908,0.0692114210402055,0,11.68,0,0 11 4,3,0.18244737196447908,0.0692114210402055,0,11.68,0,9 11 4,3,0.18134322769883343,0.0965939039055714,0,11.09,0,0 11 4,3,0.18244737196447908,0.0692114210402055,0,11.68,0,9 11 4,3,0.18134322769883343,0.0965939039055714,0,11.09,0,0 11 4,3,0.18244737196447908,0.0692114210402055,0,11.68,0,0 4 6,3,0.17718131124855396,0.08519119788697592,0,9.28,0,9 11 4,3,0.18134322769883343,0.0965939039055714,0,11.09,0,0 9 4,3,0.18135557591865134,0.07151148611882382,0,11.25,0
20,10,500,40,10,20,1,